date,repositories,stars,watchers,forks,reach
2021-09-16,GooFit/AmpGen,2,12,13,24
2021-09-16,GooFit/GooFit,104,23,34,137
2021-09-16,alexander-held/cabinetry,14,1,6,18
2021-09-16,diana-hep/excursion,17,4,5,19
2021-09-16,diana-hep/madminer,55,8,28,76
2021-09-16,gordonwatts/hep_tables,2,2,0,4
2021-09-16,iris-hep/adl-benchmarks-index,8,8,6,18
2021-09-16,iris-hep/func_adl,5,8,2,12
2021-09-16,iris-hep/func_adl_servicex,0,6,1,7
2021-09-16,iris-hep/func_adl_uproot,0,6,0,6
2021-09-16,iris-hep/func_adl_xAOD,0,6,3,8
2021-09-16,iris-hep/qastle,3,3,1,6
2021-09-16,reanahub/reana,80,20,36,117
2021-09-16,scailfin/madminer-workflow,4,3,4,6
2021-09-16,scikit-hep/awkward-0.x,218,15,37,252
2021-09-16,scikit-hep/awkward-1.0,254,16,38,282
2021-09-16,scikit-hep/boost-histogram,83,10,14,97
2021-09-16,scikit-hep/cookie,17,3,3,18
2021-09-16,scikit-hep/decaylanguage,27,5,7,31
2021-09-16,scikit-hep/fastjet,4,7,3,13
2021-09-16,scikit-hep/hist,45,10,11,56
2021-09-16,scikit-hep/mplhep,109,4,27,129
2021-09-16,scikit-hep/particle,94,8,14,106
2021-09-16,scikit-hep/pyhf,187,11,60,224
2021-09-16,scikit-hep/uhi,8,2,2,11
2021-09-16,scikit-hep/uproot3,315,22,70,370
2021-09-16,scikit-hep/uproot4,108,16,34,138
2021-09-16,scikit-hep/vector,28,10,9,37
2021-09-16,All IRIS-HEP Analysis Systems,1147,132,336,1393
2021-09-16,root-project/root,1518,113,950,2238
2021-09-17,GooFit/AmpGen,2,12,13,24
2021-09-17,GooFit/GooFit,104,23,34,137
2021-09-17,alexander-held/cabinetry,14,1,6,18
2021-09-17,diana-hep/excursion,17,4,5,19
2021-09-17,diana-hep/madminer,55,8,28,76
2021-09-17,gordonwatts/hep_tables,2,2,0,4
2021-09-17,iris-hep/adl-benchmarks-index,8,8,6,18
2021-09-17,iris-hep/func_adl,5,8,2,12
2021-09-17,iris-hep/func_adl_servicex,0,6,1,7
2021-09-17,iris-hep/func_adl_uproot,0,6,0,6
2021-09-17,iris-hep/func_adl_xAOD,0,6,3,8
2021-09-17,iris-hep/qastle,3,3,1,6
2021-09-17,reanahub/reana,80,20,36,117
2021-09-17,scailfin/madminer-workflow,4,3,4,6
2021-09-17,scikit-hep/awkward-0.x,218,15,37,252
2021-09-17,scikit-hep/awkward-1.0,254,16,38,282
2021-09-17,scikit-hep/boost-histogram,83,10,14,97
2021-09-17,scikit-hep/cookie,17,3,3,18
2021-09-17,scikit-hep/decaylanguage,27,5,7,31
2021-09-17,scikit-hep/fastjet,4,7,3,13
2021-09-17,scikit-hep/hist,45,10,11,56
2021-09-17,scikit-hep/mplhep,109,4,27,129
2021-09-17,scikit-hep/particle,94,8,14,106
2021-09-17,scikit-hep/pyhf,187,11,60,224
2021-09-17,scikit-hep/uhi,8,2,2,11
2021-09-17,scikit-hep/uproot3,315,22,70,370
2021-09-17,scikit-hep/uproot4,108,16,34,138
2021-09-17,scikit-hep/vector,28,10,9,37
2021-09-17,All IRIS-HEP Analysis Systems,1147,132,336,1393
2021-09-17,root-project/root,1518,113,951,2239
2021-09-18,GooFit/AmpGen,2,12,13,24
2021-09-18,GooFit/GooFit,104,23,34,137
2021-09-18,diana-hep/excursion,17,4,5,19
2021-09-18,diana-hep/madminer,55,8,28,76
2021-09-18,gordonwatts/hep_tables,2,2,0,4
2021-09-18,iris-hep/adl-benchmarks-index,8,8,6,18
2021-09-18,iris-hep/func_adl,5,8,2,12
2021-09-18,iris-hep/func_adl_servicex,0,6,1,7
2021-09-18,iris-hep/func_adl_uproot,0,6,0,6
2021-09-18,iris-hep/func_adl_xAOD,0,6,3,8
2021-09-18,iris-hep/qastle,3,3,1,6
2021-09-18,reanahub/reana,80,20,36,117
2021-09-18,scailfin/madminer-workflow,4,3,4,6
2021-09-18,scikit-hep/awkward-0.x,218,15,37,252
2021-09-18,scikit-hep/awkward-1.0,254,16,38,282
2021-09-18,scikit-hep/boost-histogram,83,10,14,97
2021-09-18,scikit-hep/cabinetry,14,1,6,18
2021-09-18,scikit-hep/cookie,17,3,3,18
2021-09-18,scikit-hep/decaylanguage,27,5,7,31
2021-09-18,scikit-hep/fastjet,4,7,3,13
2021-09-18,scikit-hep/hist,45,10,11,56
2021-09-18,scikit-hep/mplhep,109,4,27,129
2021-09-18,scikit-hep/particle,94,8,14,106
2021-09-18,scikit-hep/pyhf,187,11,60,224
2021-09-18,scikit-hep/uhi,8,2,2,11
2021-09-18,scikit-hep/uproot3,315,22,70,370
2021-09-18,scikit-hep/uproot4,108,16,34,138
2021-09-18,scikit-hep/vector,28,10,9,37
2021-09-18,All IRIS-HEP Analysis Systems,1147,132,336,1393
2021-09-18,root-project/root,1518,112,951,2239
2021-09-19,GooFit/AmpGen,2,12,13,24
2021-09-19,GooFit/GooFit,104,23,34,137
2021-09-19,diana-hep/excursion,17,4,5,19
2021-09-19,diana-hep/madminer,55,8,28,76
2021-09-19,gordonwatts/hep_tables,2,2,0,4
2021-09-19,iris-hep/adl-benchmarks-index,8,8,6,18
2021-09-19,iris-hep/func_adl,5,8,2,12
2021-09-19,iris-hep/func_adl_servicex,0,6,1,7
2021-09-19,iris-hep/func_adl_uproot,0,6,0,6
2021-09-19,iris-hep/func_adl_xAOD,0,6,3,8
2021-09-19,iris-hep/qastle,3,3,1,6
2021-09-19,reanahub/reana,80,20,36,117
2021-09-19,scailfin/madminer-workflow,4,3,4,6
2021-09-19,scikit-hep/awkward-0.x,218,15,37,252
2021-09-19,scikit-hep/awkward-1.0,258,16,39,287
2021-09-19,scikit-hep/boost-histogram,83,10,14,97
2021-09-19,scikit-hep/cabinetry,14,1,6,18
2021-09-19,scikit-hep/cookie,17,3,3,18
2021-09-19,scikit-hep/decaylanguage,27,5,7,31
2021-09-19,scikit-hep/fastjet,4,7,3,13
2021-09-19,scikit-hep/hist,45,10,11,56
2021-09-19,scikit-hep/mplhep,109,4,27,129
2021-09-19,scikit-hep/particle,94,8,14,106
2021-09-19,scikit-hep/pyhf,187,11,60,224
2021-09-19,scikit-hep/uhi,8,2,2,11
2021-09-19,scikit-hep/uproot3,315,22,70,370
2021-09-19,scikit-hep/uproot4,109,16,35,140
2021-09-19,scikit-hep/vector,28,10,9,37
2021-09-19,All IRIS-HEP Analysis Systems,1151,132,337,1398
2021-09-19,root-project/root,1519,112,951,2240
2021-09-20,GooFit/AmpGen,2,12,13,24
2021-09-20,GooFit/GooFit,104,23,34,137
2021-09-20,diana-hep/excursion,17,4,5,19
2021-09-20,diana-hep/madminer,55,8,28,76
2021-09-20,gordonwatts/hep_tables,2,2,0,4
2021-09-20,iris-hep/adl-benchmarks-index,8,8,6,18
2021-09-20,iris-hep/func_adl,5,8,2,12
2021-09-20,iris-hep/func_adl_servicex,0,6,1,7
2021-09-20,iris-hep/func_adl_uproot,0,6,0,6
2021-09-20,iris-hep/func_adl_xAOD,0,6,3,8
2021-09-20,iris-hep/qastle,3,3,1,6
2021-09-20,reanahub/reana,80,20,36,117
2021-09-20,scailfin/madminer-workflow,4,3,4,6
2021-09-20,scikit-hep/awkward-0.x,218,15,37,252
2021-09-20,scikit-hep/awkward-1.0,258,16,39,287
2021-09-20,scikit-hep/boost-histogram,83,10,14,97
2021-09-20,scikit-hep/cabinetry,14,1,6,18
2021-09-20,scikit-hep/cookie,17,3,3,18
2021-09-20,scikit-hep/decaylanguage,27,5,7,31
2021-09-20,scikit-hep/fastjet,4,7,3,13
2021-09-20,scikit-hep/hist,45,10,11,56
2021-09-20,scikit-hep/mplhep,109,4,27,129
2021-09-20,scikit-hep/particle,94,8,14,106
2021-09-20,scikit-hep/pyhf,187,11,60,224
2021-09-20,scikit-hep/uhi,8,2,2,11
2021-09-20,scikit-hep/uproot3,315,22,70,370
2021-09-20,scikit-hep/uproot4,109,16,35,140
2021-09-20,scikit-hep/vector,28,10,9,37
2021-09-20,All IRIS-HEP Analysis Systems,1151,132,337,1398
2021-09-20,root-project/root,1519,112,950,2239
2021-09-21,GooFit/AmpGen,2,12,13,24
2021-09-21,GooFit/GooFit,104,23,34,137
2021-09-21,diana-hep/excursion,17,4,5,19
2021-09-21,diana-hep/madminer,55,8,28,76
2021-09-21,gordonwatts/hep_tables,2,2,0,4
2021-09-21,iris-hep/adl-benchmarks-index,8,8,6,18
2021-09-21,iris-hep/func_adl,5,8,2,12
2021-09-21,iris-hep/func_adl_servicex,0,6,1,7
2021-09-21,iris-hep/func_adl_uproot,0,6,0,6
2021-09-21,iris-hep/func_adl_xAOD,0,6,3,8
2021-09-21,iris-hep/qastle,3,3,1,6
2021-09-21,reanahub/reana,80,20,36,117
2021-09-21,scailfin/madminer-workflow,4,3,4,6
2021-09-21,scikit-hep/awkward-0.x,218,15,37,252
2021-09-21,scikit-hep/awkward-1.0,258,16,39,287
2021-09-21,scikit-hep/boost-histogram,83,10,14,97
2021-09-21,scikit-hep/cabinetry,14,1,6,18
2021-09-21,scikit-hep/cookie,17,3,3,18
2021-09-21,scikit-hep/decaylanguage,27,5,7,31
2021-09-21,scikit-hep/fastjet,4,7,3,13
2021-09-21,scikit-hep/hist,45,10,11,56
2021-09-21,scikit-hep/mplhep,109,4,27,129
2021-09-21,scikit-hep/particle,94,8,14,106
2021-09-21,scikit-hep/pyhf,187,11,60,224
2021-09-21,scikit-hep/uhi,8,2,2,11
2021-09-21,scikit-hep/uproot3,315,22,70,370
2021-09-21,scikit-hep/uproot4,109,16,35,140
2021-09-21,scikit-hep/vector,28,10,9,37
2021-09-21,All IRIS-HEP Analysis Systems,1151,132,337,1398
2021-09-21,root-project/root,1521,112,951,2242
2021-09-22,GooFit/AmpGen,2,12,13,24
2021-09-22,GooFit/GooFit,104,23,34,137
2021-09-22,diana-hep/excursion,17,4,5,19
2021-09-22,diana-hep/madminer,55,8,28,76
2021-09-22,gordonwatts/hep_tables,2,2,0,4
2021-09-22,iris-hep/adl-benchmarks-index,8,8,6,18
2021-09-22,iris-hep/func_adl,5,8,2,12
2021-09-22,iris-hep/func_adl_servicex,0,6,1,7
2021-09-22,iris-hep/func_adl_uproot,0,6,0,6
2021-09-22,iris-hep/func_adl_xAOD,0,6,3,8
2021-09-22,iris-hep/qastle,3,3,1,6
2021-09-22,reanahub/reana,80,20,36,117
2021-09-22,scailfin/madminer-workflow,4,3,4,6
2021-09-22,scikit-hep/awkward-0.x,218,15,37,252
2021-09-22,scikit-hep/awkward-1.0,259,16,39,288
2021-09-22,scikit-hep/boost-histogram,83,10,14,97
2021-09-22,scikit-hep/cabinetry,14,1,6,18
2021-09-22,scikit-hep/cookie,17,3,3,18
2021-09-22,scikit-hep/decaylanguage,27,5,7,31
2021-09-22,scikit-hep/fastjet,4,7,3,13
2021-09-22,scikit-hep/hist,45,10,11,56
2021-09-22,scikit-hep/mplhep,109,4,27,129
2021-09-22,scikit-hep/particle,94,8,14,106
2021-09-22,scikit-hep/pyhf,187,11,60,224
2021-09-22,scikit-hep/uhi,8,2,2,11
2021-09-22,scikit-hep/uproot3,315,22,70,370
2021-09-22,scikit-hep/uproot4,109,16,35,140
2021-09-22,scikit-hep/vector,28,10,9,37
2021-09-22,All IRIS-HEP Analysis Systems,1152,132,337,1399
2021-09-22,root-project/root,1521,112,952,2243
2021-09-23,GooFit/AmpGen,2,12,14,25
2021-09-23,GooFit/GooFit,104,23,34,137
2021-09-23,diana-hep/excursion,17,4,6,21
2021-09-23,diana-hep/madminer,55,8,29,77
2021-09-23,gordonwatts/hep_tables,2,2,0,4
2021-09-23,iris-hep/adl-benchmarks-index,8,8,6,18
2021-09-23,iris-hep/func_adl,5,8,2,12
2021-09-23,iris-hep/func_adl_servicex,0,6,1,7
2021-09-23,iris-hep/func_adl_uproot,0,6,0,6
2021-09-23,iris-hep/func_adl_xAOD,0,6,3,8
2021-09-23,iris-hep/qastle,3,3,1,6
2021-09-23,reanahub/reana,80,20,36,117
2021-09-23,scailfin/madminer-workflow,4,3,4,6
2021-09-23,scikit-hep/awkward-0.x,218,15,37,252
2021-09-23,scikit-hep/awkward-1.0,259,16,39,288
2021-09-23,scikit-hep/boost-histogram,83,10,14,97
2021-09-23,scikit-hep/cabinetry,14,1,6,18
2021-09-23,scikit-hep/cookie,17,3,3,18
2021-09-23,scikit-hep/decaylanguage,27,5,7,31
2021-09-23,scikit-hep/fastjet,4,7,3,13
2021-09-23,scikit-hep/hist,46,10,11,57
2021-09-23,scikit-hep/mplhep,109,4,27,129
2021-09-23,scikit-hep/particle,94,8,14,106
2021-09-23,scikit-hep/pyhf,187,11,60,224
2021-09-23,scikit-hep/uhi,8,2,2,11
2021-09-23,scikit-hep/uproot3,315,22,70,370
2021-09-23,scikit-hep/uproot4,110,16,35,141
2021-09-23,scikit-hep/vector,28,10,9,37
2021-09-23,All IRIS-HEP Analysis Systems,1154,132,341,1405
2021-09-23,root-project/root,1522,112,952,2244
2021-09-24,GooFit/AmpGen,2,12,14,25
2021-09-24,GooFit/GooFit,104,23,34,137
2021-09-24,diana-hep/excursion,17,4,6,21
2021-09-24,diana-hep/madminer,55,8,29,77
2021-09-24,gordonwatts/hep_tables,2,2,0,4
2021-09-24,iris-hep/adl-benchmarks-index,8,8,6,18
2021-09-24,iris-hep/func_adl,5,8,2,12
2021-09-24,iris-hep/func_adl_servicex,0,6,1,7
2021-09-24,iris-hep/func_adl_uproot,0,6,0,6
2021-09-24,iris-hep/func_adl_xAOD,0,6,3,8
2021-09-24,iris-hep/qastle,3,3,1,6
2021-09-24,reanahub/reana,80,20,36,117
2021-09-24,scailfin/madminer-workflow,4,3,4,6
2021-09-24,scikit-hep/awkward-0.x,218,15,37,252
2021-09-24,scikit-hep/awkward-1.0,266,16,39,295
2021-09-24,scikit-hep/boost-histogram,83,10,14,97
2021-09-24,scikit-hep/cabinetry,14,1,6,18
2021-09-24,scikit-hep/cookie,17,3,3,18
2021-09-24,scikit-hep/decaylanguage,27,5,7,31
2021-09-24,scikit-hep/fastjet,4,7,3,13
2021-09-24,scikit-hep/hist,46,10,11,57
2021-09-24,scikit-hep/mplhep,109,4,27,129
2021-09-24,scikit-hep/particle,94,8,14,106
2021-09-24,scikit-hep/pyhf,187,11,60,224
2021-09-24,scikit-hep/uhi,8,2,2,11
2021-09-24,scikit-hep/uproot3,315,22,70,370
2021-09-24,scikit-hep/uproot4,110,16,34,141
2021-09-24,scikit-hep/vector,28,10,9,37
2021-09-24,All IRIS-HEP Analysis Systems,1158,132,340,1409
2021-09-24,root-project/root,1522,112,952,2244
2021-09-25,GooFit/AmpGen,2,12,14,25
2021-09-25,GooFit/GooFit,104,23,34,137
2021-09-25,diana-hep/excursion,17,4,6,21
2021-09-25,diana-hep/madminer,55,8,29,77
2021-09-25,gordonwatts/hep_tables,2,2,0,4
2021-09-25,iris-hep/adl-benchmarks-index,8,8,6,18
2021-09-25,iris-hep/func_adl,5,8,2,12
2021-09-25,iris-hep/func_adl_servicex,0,6,1,7
2021-09-25,iris-hep/func_adl_uproot,0,6,0,6
2021-09-25,iris-hep/func_adl_xAOD,0,6,3,8
2021-09-25,iris-hep/qastle,3,3,1,6
2021-09-25,reanahub/reana,80,20,36,117
2021-09-25,scailfin/madminer-workflow,4,3,4,6
2021-09-25,scikit-hep/awkward-0.x,218,15,37,252
2021-09-25,scikit-hep/awkward-1.0,276,16,40,305
2021-09-25,scikit-hep/boost-histogram,83,10,14,97
2021-09-25,scikit-hep/cabinetry,14,1,6,18
2021-09-25,scikit-hep/cookie,17,3,3,18
2021-09-25,scikit-hep/decaylanguage,27,5,7,31
2021-09-25,scikit-hep/fastjet,4,7,3,13
2021-09-25,scikit-hep/hist,46,10,11,57
2021-09-25,scikit-hep/mplhep,109,4,27,129
2021-09-25,scikit-hep/particle,94,8,14,106
2021-09-25,scikit-hep/pyhf,187,11,61,225
2021-09-25,scikit-hep/uhi,8,2,2,11
2021-09-25,scikit-hep/uproot3,315,22,70,370
2021-09-25,scikit-hep/uproot4,110,16,34,141
2021-09-25,scikit-hep/vector,28,10,9,37
2021-09-25,All IRIS-HEP Analysis Systems,1166,132,341,1417
2021-09-25,root-project/root,1524,112,953,2247
2021-09-26,GooFit/AmpGen,2,12,14,25
2021-09-26,GooFit/GooFit,104,23,34,137
2021-09-26,diana-hep/excursion,17,4,6,21
2021-09-26,diana-hep/madminer,55,8,29,77
2021-09-26,gordonwatts/hep_tables,2,2,0,4
2021-09-26,iris-hep/adl-benchmarks-index,8,8,6,18
2021-09-26,iris-hep/func_adl,5,8,2,12
2021-09-26,iris-hep/func_adl_servicex,0,6,1,7
2021-09-26,iris-hep/func_adl_uproot,0,6,0,6
2021-09-26,iris-hep/func_adl_xAOD,0,6,3,8
2021-09-26,iris-hep/qastle,3,3,1,6
2021-09-26,reanahub/reana,80,20,36,117
2021-09-26,scailfin/madminer-workflow,4,3,4,6
2021-09-26,scikit-hep/awkward-0.x,218,15,37,252
2021-09-26,scikit-hep/awkward-1.0,277,16,40,306
2021-09-26,scikit-hep/boost-histogram,83,10,14,97
2021-09-26,scikit-hep/cabinetry,14,1,6,18
2021-09-26,scikit-hep/cookie,17,3,3,18
2021-09-26,scikit-hep/decaylanguage,27,5,7,31
2021-09-26,scikit-hep/fastjet,4,7,3,13
2021-09-26,scikit-hep/hist,46,10,11,57
2021-09-26,scikit-hep/mplhep,109,4,27,129
2021-09-26,scikit-hep/particle,94,8,14,106
2021-09-26,scikit-hep/pyhf,187,11,61,225
2021-09-26,scikit-hep/uhi,8,2,2,11
2021-09-26,scikit-hep/uproot3,315,22,70,370
2021-09-26,scikit-hep/uproot4,110,16,34,141
2021-09-26,scikit-hep/vector,28,10,9,37
2021-09-26,All IRIS-HEP Analysis Systems,1167,132,341,1418
2021-09-26,root-project/root,1524,112,953,2247
2021-09-27,GooFit/AmpGen,2,12,14,25
2021-09-27,GooFit/GooFit,104,23,34,137
2021-09-27,diana-hep/excursion,17,4,6,21
2021-09-27,diana-hep/madminer,55,8,29,77
2021-09-27,gordonwatts/hep_tables,2,2,0,4
2021-09-27,iris-hep/adl-benchmarks-index,8,8,6,18
2021-09-27,iris-hep/func_adl,5,8,2,12
2021-09-27,iris-hep/func_adl_servicex,0,6,1,7
2021-09-27,iris-hep/func_adl_uproot,0,6,0,6
2021-09-27,iris-hep/func_adl_xAOD,0,6,3,8
2021-09-27,iris-hep/qastle,3,3,1,6
2021-09-27,reanahub/reana,80,20,36,117
2021-09-27,scailfin/madminer-workflow,4,3,4,6
2021-09-27,scikit-hep/awkward-0.x,218,15,37,252
2021-09-27,scikit-hep/awkward-1.0,278,16,40,307
2021-09-27,scikit-hep/boost-histogram,83,10,14,97
2021-09-27,scikit-hep/cabinetry,14,1,6,18
2021-09-27,scikit-hep/cookie,17,3,3,18
2021-09-27,scikit-hep/decaylanguage,27,5,7,31
2021-09-27,scikit-hep/fastjet,4,7,3,13
2021-09-27,scikit-hep/hist,46,10,11,57
2021-09-27,scikit-hep/mplhep,109,4,27,129
2021-09-27,scikit-hep/particle,95,8,14,107
2021-09-27,scikit-hep/pyhf,187,11,61,225
2021-09-27,scikit-hep/uhi,8,2,2,11
2021-09-27,scikit-hep/uproot3,315,22,70,370
2021-09-27,scikit-hep/uproot4,110,16,34,141
2021-09-27,scikit-hep/vector,28,10,9,37
2021-09-27,All IRIS-HEP Analysis Systems,1169,132,341,1420
2021-09-27,root-project/root,1525,112,952,2247
2021-09-28,GooFit/AmpGen,2,12,14,25
2021-09-28,GooFit/GooFit,104,23,34,137
2021-09-28,diana-hep/excursion,17,4,6,21
2021-09-28,diana-hep/madminer,55,8,29,77
2021-09-28,gordonwatts/hep_tables,2,2,0,4
2021-09-28,iris-hep/adl-benchmarks-index,8,8,6,18
2021-09-28,iris-hep/func_adl,5,8,2,12
2021-09-28,iris-hep/func_adl_servicex,0,6,1,7
2021-09-28,iris-hep/func_adl_uproot,0,6,0,6
2021-09-28,iris-hep/func_adl_xAOD,0,6,3,8
2021-09-28,iris-hep/qastle,3,3,1,6
2021-09-28,reanahub/reana,80,20,36,117
2021-09-28,scailfin/madminer-workflow,4,3,4,6
2021-09-28,scikit-hep/awkward-0.x,218,15,37,252
2021-09-28,scikit-hep/awkward-1.0,279,16,40,308
2021-09-28,scikit-hep/boost-histogram,83,10,14,97
2021-09-28,scikit-hep/cabinetry,14,1,6,18
2021-09-28,scikit-hep/cookie,17,3,3,18
2021-09-28,scikit-hep/decaylanguage,27,5,7,31
2021-09-28,scikit-hep/fastjet,4,7,3,13
2021-09-28,scikit-hep/hist,46,10,11,57
2021-09-28,scikit-hep/mplhep,109,4,27,129
2021-09-28,scikit-hep/particle,95,8,14,107
2021-09-28,scikit-hep/pyhf,187,11,61,225
2021-09-28,scikit-hep/uhi,8,2,2,11
2021-09-28,scikit-hep/uproot3,315,22,70,370
2021-09-28,scikit-hep/uproot4,110,16,34,141
2021-09-28,scikit-hep/vector,28,10,9,37
2021-09-28,All IRIS-HEP Analysis Systems,1170,132,341,1421
2021-09-28,root-project/root,1525,111,954,2249
2021-09-29,GooFit/AmpGen,2,12,14,25
2021-09-29,GooFit/GooFit,104,23,34,137
2021-09-29,diana-hep/excursion,17,4,6,21
2021-09-29,diana-hep/madminer,55,8,29,77
2021-09-29,gordonwatts/hep_tables,2,2,0,4
2021-09-29,iris-hep/adl-benchmarks-index,8,8,6,18
2021-09-29,iris-hep/func_adl,5,8,2,12
2021-09-29,iris-hep/func_adl_servicex,0,6,1,7
2021-09-29,iris-hep/func_adl_uproot,0,6,0,6
2021-09-29,iris-hep/func_adl_xAOD,0,6,3,8
2021-09-29,iris-hep/qastle,3,3,1,6
2021-09-29,reanahub/reana,81,20,36,118
2021-09-29,scailfin/madminer-workflow,4,3,4,6
2021-09-29,scikit-hep/awkward-0.x,218,15,37,252
2021-09-29,scikit-hep/awkward-1.0,279,16,40,308
2021-09-29,scikit-hep/boost-histogram,84,10,14,98
2021-09-29,scikit-hep/cabinetry,14,1,6,18
2021-09-29,scikit-hep/cookie,17,3,3,18
2021-09-29,scikit-hep/decaylanguage,28,5,7,32
2021-09-29,scikit-hep/fastjet,4,7,3,13
2021-09-29,scikit-hep/hist,50,10,11,61
2021-09-29,scikit-hep/mplhep,109,4,27,129
2021-09-29,scikit-hep/particle,95,8,14,107
2021-09-29,scikit-hep/pyhf,187,11,61,225
2021-09-29,scikit-hep/uhi,8,2,2,11
2021-09-29,scikit-hep/uproot3,315,22,70,370
2021-09-29,scikit-hep/uproot4,110,16,34,141
2021-09-29,scikit-hep/vector,28,10,9,37
2021-09-29,All IRIS-HEP Analysis Systems,1174,132,341,1425
2021-09-29,root-project/root,1525,111,954,2249
2021-09-30,GooFit/AmpGen,2,12,14,25
2021-09-30,GooFit/GooFit,104,23,34,137
2021-09-30,diana-hep/excursion,17,4,6,21
2021-09-30,diana-hep/madminer,55,8,29,77
2021-09-30,gordonwatts/hep_tables,2,2,0,4
2021-09-30,iris-hep/adl-benchmarks-index,8,8,6,18
2021-09-30,iris-hep/func_adl,5,8,2,12
2021-09-30,iris-hep/func_adl_servicex,0,6,1,7
2021-09-30,iris-hep/func_adl_uproot,0,6,0,6
2021-09-30,iris-hep/func_adl_xAOD,0,6,3,8
2021-09-30,iris-hep/qastle,3,3,1,6
2021-09-30,reanahub/reana,81,20,36,118
2021-09-30,scailfin/madminer-workflow,4,3,4,6
2021-09-30,scikit-hep/awkward-0.x,218,15,37,252
2021-09-30,scikit-hep/awkward-1.0,280,16,40,309
2021-09-30,scikit-hep/boost-histogram,88,10,14,102
2021-09-30,scikit-hep/cabinetry,14,1,6,18
2021-09-30,scikit-hep/cookie,17,3,3,18
2021-09-30,scikit-hep/decaylanguage,28,6,8,32
2021-09-30,scikit-hep/fastjet,5,7,3,14
2021-09-30,scikit-hep/hist,53,10,11,64
2021-09-30,scikit-hep/mplhep,110,4,27,130
2021-09-30,scikit-hep/particle,95,8,14,107
2021-09-30,scikit-hep/pyhf,187,11,63,227
2021-09-30,scikit-hep/uhi,8,2,2,11
2021-09-30,scikit-hep/uproot3,315,22,70,370
2021-09-30,scikit-hep/uproot4,110,16,34,141
2021-09-30,scikit-hep/vector,29,10,9,38
2021-09-30,All IRIS-HEP Analysis Systems,1183,133,343,1435
2021-09-30,root-project/root,1526,111,954,2250
2021-10-01,GooFit/AmpGen,2,12,14,25
2021-10-01,GooFit/GooFit,104,23,34,137
2021-10-01,diana-hep/excursion,17,4,6,21
2021-10-01,diana-hep/madminer,55,8,29,77
2021-10-01,gordonwatts/hep_tables,2,2,0,4
2021-10-01,iris-hep/adl-benchmarks-index,8,8,6,18
2021-10-01,iris-hep/func_adl,5,8,2,12
2021-10-01,iris-hep/func_adl_servicex,0,6,1,7
2021-10-01,iris-hep/func_adl_uproot,0,6,0,6
2021-10-01,iris-hep/func_adl_xAOD,0,6,3,8
2021-10-01,iris-hep/qastle,3,3,1,6
2021-10-01,reanahub/reana,81,20,36,118
2021-10-01,scailfin/madminer-workflow,4,3,4,6
2021-10-01,scikit-hep/awkward-0.x,218,15,37,252
2021-10-01,scikit-hep/awkward-1.0,280,16,40,309
2021-10-01,scikit-hep/boost-histogram,88,10,14,102
2021-10-01,scikit-hep/cabinetry,14,1,6,18
2021-10-01,scikit-hep/cookie,17,3,3,18
2021-10-01,scikit-hep/decaylanguage,28,6,8,32
2021-10-01,scikit-hep/fastjet,5,7,3,14
2021-10-01,scikit-hep/hist,53,10,11,64
2021-10-01,scikit-hep/mplhep,111,4,27,131
2021-10-01,scikit-hep/particle,95,8,14,107
2021-10-01,scikit-hep/pyhf,187,11,63,227
2021-10-01,scikit-hep/uhi,8,2,2,11
2021-10-01,scikit-hep/uproot3,315,22,70,370
2021-10-01,scikit-hep/uproot4,110,16,34,141
2021-10-01,scikit-hep/vector,29,10,9,38
2021-10-01,All IRIS-HEP Analysis Systems,1184,133,343,1436
2021-10-01,root-project/root,1526,111,954,2250
2021-10-02,GooFit/AmpGen,2,12,14,25
2021-10-02,GooFit/GooFit,104,23,34,137
2021-10-02,diana-hep/excursion,17,4,6,21
2021-10-02,diana-hep/madminer,55,8,29,77
2021-10-02,gordonwatts/hep_tables,2,2,0,4
2021-10-02,iris-hep/adl-benchmarks-index,8,8,6,18
2021-10-02,iris-hep/func_adl,5,8,2,12
2021-10-02,iris-hep/func_adl_servicex,0,6,1,7
2021-10-02,iris-hep/func_adl_uproot,0,6,0,6
2021-10-02,iris-hep/func_adl_xAOD,0,6,3,8
2021-10-02,iris-hep/qastle,3,3,1,6
2021-10-02,reanahub/reana,81,20,36,118
2021-10-02,scailfin/madminer-workflow,4,3,4,6
2021-10-02,scikit-hep/awkward-0.x,218,15,37,252
2021-10-02,scikit-hep/awkward-1.0,280,16,40,309
2021-10-02,scikit-hep/boost-histogram,89,10,14,103
2021-10-02,scikit-hep/cabinetry,14,1,6,18
2021-10-02,scikit-hep/cookie,17,3,3,18
2021-10-02,scikit-hep/decaylanguage,28,6,8,32
2021-10-02,scikit-hep/fastjet,5,7,3,14
2021-10-02,scikit-hep/hist,54,10,11,65
2021-10-02,scikit-hep/mplhep,111,4,27,131
2021-10-02,scikit-hep/particle,95,8,14,107
2021-10-02,scikit-hep/pyhf,187,11,63,227
2021-10-02,scikit-hep/uhi,8,2,2,11
2021-10-02,scikit-hep/uproot3,315,22,70,370
2021-10-02,scikit-hep/uproot4,110,16,34,141
2021-10-02,scikit-hep/vector,29,10,9,38
2021-10-02,All IRIS-HEP Analysis Systems,1185,133,343,1437
2021-10-02,root-project/root,1527,111,954,2251
2021-10-03,GooFit/AmpGen,2,12,14,25
2021-10-03,GooFit/GooFit,104,23,34,137
2021-10-03,diana-hep/excursion,17,4,6,21
2021-10-03,diana-hep/madminer,55,8,29,77
2021-10-03,gordonwatts/hep_tables,2,2,0,4
2021-10-03,iris-hep/adl-benchmarks-index,8,8,6,18
2021-10-03,iris-hep/func_adl,5,8,2,12
2021-10-03,iris-hep/func_adl_servicex,0,6,1,7
2021-10-03,iris-hep/func_adl_uproot,0,6,0,6
2021-10-03,iris-hep/func_adl_xAOD,0,6,3,8
2021-10-03,iris-hep/qastle,3,3,1,6
2021-10-03,reanahub/reana,81,20,36,118
2021-10-03,scailfin/madminer-workflow,4,3,4,6
2021-10-03,scikit-hep/awkward-0.x,218,15,37,252
2021-10-03,scikit-hep/awkward-1.0,282,16,40,311
2021-10-03,scikit-hep/boost-histogram,90,10,14,104
2021-10-03,scikit-hep/cabinetry,14,1,6,18
2021-10-03,scikit-hep/cookie,17,3,3,18
2021-10-03,scikit-hep/decaylanguage,28,6,8,32
2021-10-03,scikit-hep/fastjet,5,7,3,14
2021-10-03,scikit-hep/hist,54,10,11,65
2021-10-03,scikit-hep/mplhep,112,4,27,132
2021-10-03,scikit-hep/particle,96,8,14,108
2021-10-03,scikit-hep/pyhf,187,11,63,227
2021-10-03,scikit-hep/uhi,8,2,2,11
2021-10-03,scikit-hep/uproot3,315,22,70,370
2021-10-03,scikit-hep/uproot4,110,16,34,141
2021-10-03,scikit-hep/vector,29,10,9,38
2021-10-03,All IRIS-HEP Analysis Systems,1189,133,343,1441
2021-10-03,root-project/root,1527,111,954,2251
2021-10-04,GooFit/AmpGen,2,12,14,25
2021-10-04,GooFit/GooFit,104,23,34,137
2021-10-04,diana-hep/excursion,17,4,6,21
2021-10-04,diana-hep/madminer,55,8,29,77
2021-10-04,gordonwatts/hep_tables,2,2,0,4
2021-10-04,iris-hep/adl-benchmarks-index,8,8,6,18
2021-10-04,iris-hep/func_adl,5,8,2,12
2021-10-04,iris-hep/func_adl_servicex,0,6,1,7
2021-10-04,iris-hep/func_adl_uproot,0,6,0,6
2021-10-04,iris-hep/func_adl_xAOD,0,6,3,8
2021-10-04,iris-hep/qastle,3,3,1,6
2021-10-04,reanahub/reana,81,20,36,118
2021-10-04,scailfin/madminer-workflow,4,3,4,6
2021-10-04,scikit-hep/awkward-0.x,218,15,37,252
2021-10-04,scikit-hep/awkward-1.0,282,16,40,311
2021-10-04,scikit-hep/boost-histogram,90,10,14,104
2021-10-04,scikit-hep/cabinetry,14,1,6,18
2021-10-04,scikit-hep/cookie,17,3,3,18
2021-10-04,scikit-hep/decaylanguage,28,6,8,32
2021-10-04,scikit-hep/fastjet,5,7,3,14
2021-10-04,scikit-hep/hist,54,10,11,65
2021-10-04,scikit-hep/mplhep,112,4,27,132
2021-10-04,scikit-hep/particle,96,8,14,108
2021-10-04,scikit-hep/pyhf,187,11,63,227
2021-10-04,scikit-hep/uhi,8,2,2,11
2021-10-04,scikit-hep/uproot3,315,22,70,370
2021-10-04,scikit-hep/uproot4,110,16,34,141
2021-10-04,scikit-hep/vector,29,10,9,38
2021-10-04,All IRIS-HEP Analysis Systems,1189,133,343,1441
2021-10-04,root-project/root,1527,111,954,2251
2021-10-05,GooFit/AmpGen,2,12,14,25
2021-10-05,GooFit/GooFit,104,23,34,137
2021-10-05,diana-hep/excursion,17,4,6,21
2021-10-05,diana-hep/madminer,55,8,29,77
2021-10-05,gordonwatts/hep_tables,2,2,0,4
2021-10-05,iris-hep/adl-benchmarks-index,8,8,6,18
2021-10-05,iris-hep/func_adl,5,8,2,12
2021-10-05,iris-hep/func_adl_servicex,0,6,1,7
2021-10-05,iris-hep/func_adl_uproot,0,6,0,6
2021-10-05,iris-hep/func_adl_xAOD,0,6,3,8
2021-10-05,iris-hep/qastle,3,3,1,6
2021-10-05,reanahub/reana,81,20,36,118
2021-10-05,scailfin/madminer-workflow,4,3,4,6
2021-10-05,scikit-hep/awkward-0.x,218,15,37,252
2021-10-05,scikit-hep/awkward-1.0,283,16,40,312
2021-10-05,scikit-hep/boost-histogram,91,10,14,105
2021-10-05,scikit-hep/cabinetry,14,1,6,18
2021-10-05,scikit-hep/cookie,17,3,3,18
2021-10-05,scikit-hep/decaylanguage,28,6,8,32
2021-10-05,scikit-hep/fastjet,5,7,3,14
2021-10-05,scikit-hep/hist,56,10,11,67
2021-10-05,scikit-hep/mplhep,112,4,27,132
2021-10-05,scikit-hep/particle,96,8,14,108
2021-10-05,scikit-hep/pyhf,187,11,63,227
2021-10-05,scikit-hep/uhi,8,2,2,11
2021-10-05,scikit-hep/uproot3,315,22,70,370
2021-10-05,scikit-hep/uproot4,111,16,34,142
2021-10-05,scikit-hep/vector,29,10,9,38
2021-10-05,All IRIS-HEP Analysis Systems,1191,133,343,1443
2021-10-05,root-project/root,1528,111,954,2252
2021-10-06,GooFit/AmpGen,2,12,14,25
2021-10-06,GooFit/GooFit,104,23,34,137
2021-10-06,diana-hep/excursion,17,4,6,21
2021-10-06,diana-hep/madminer,55,8,29,77
2021-10-06,gordonwatts/hep_tables,2,2,0,4
2021-10-06,iris-hep/adl-benchmarks-index,8,8,6,18
2021-10-06,iris-hep/func_adl,5,8,2,12
2021-10-06,iris-hep/func_adl_servicex,0,6,1,7
2021-10-06,iris-hep/func_adl_uproot,0,6,0,6
2021-10-06,iris-hep/func_adl_xAOD,0,6,3,8
2021-10-06,iris-hep/qastle,3,3,1,6
2021-10-06,reanahub/reana,81,20,36,118
2021-10-06,scailfin/madminer-workflow,4,3,4,6
2021-10-06,scikit-hep/awkward-0.x,218,15,37,252
2021-10-06,scikit-hep/awkward-1.0,285,16,40,314
2021-10-06,scikit-hep/boost-histogram,92,10,14,106
2021-10-06,scikit-hep/cabinetry,14,1,6,18
2021-10-06,scikit-hep/cookie,17,3,3,18
2021-10-06,scikit-hep/decaylanguage,28,6,8,32
2021-10-06,scikit-hep/fastjet,5,7,3,14
2021-10-06,scikit-hep/hist,56,10,11,67
2021-10-06,scikit-hep/mplhep,112,4,27,132
2021-10-06,scikit-hep/particle,96,8,14,108
2021-10-06,scikit-hep/pyhf,188,11,63,228
2021-10-06,scikit-hep/uhi,8,2,2,11
2021-10-06,scikit-hep/uproot3,316,22,70,371
2021-10-06,scikit-hep/uproot4,111,16,34,142
2021-10-06,scikit-hep/vector,29,10,9,38
2021-10-06,All IRIS-HEP Analysis Systems,1194,133,343,1446
2021-10-06,root-project/root,1530,111,954,2254
2021-10-07,GooFit/AmpGen,2,12,14,25
2021-10-07,GooFit/GooFit,104,23,34,137
2021-10-07,diana-hep/excursion,17,4,6,21
2021-10-07,diana-hep/madminer,55,8,29,77
2021-10-07,gordonwatts/hep_tables,2,2,0,4
2021-10-07,iris-hep/adl-benchmarks-index,8,8,6,18
2021-10-07,iris-hep/func_adl,5,8,2,12
2021-10-07,iris-hep/func_adl_servicex,0,6,1,7
2021-10-07,iris-hep/func_adl_uproot,0,6,0,6
2021-10-07,iris-hep/func_adl_xAOD,0,6,3,8
2021-10-07,iris-hep/qastle,3,3,1,6
2021-10-07,reanahub/reana,81,20,36,118
2021-10-07,scailfin/madminer-workflow,4,3,4,6
2021-10-07,scikit-hep/awkward-0.x,218,15,37,252
2021-10-07,scikit-hep/awkward-1.0,285,16,40,314
2021-10-07,scikit-hep/boost-histogram,92,10,14,106
2021-10-07,scikit-hep/cabinetry,14,1,6,18
2021-10-07,scikit-hep/cookie,17,3,3,18
2021-10-07,scikit-hep/decaylanguage,28,6,8,32
2021-10-07,scikit-hep/fastjet,5,7,3,14
2021-10-07,scikit-hep/hist,56,10,11,67
2021-10-07,scikit-hep/mplhep,112,4,27,132
2021-10-07,scikit-hep/particle,96,8,14,108
2021-10-07,scikit-hep/pyhf,188,11,63,228
2021-10-07,scikit-hep/uhi,8,2,2,11
2021-10-07,scikit-hep/uproot3,316,22,70,371
2021-10-07,scikit-hep/uproot4,111,16,34,142
2021-10-07,scikit-hep/vector,29,10,9,38
2021-10-07,All IRIS-HEP Analysis Systems,1194,133,343,1446
2021-10-07,root-project/root,1532,111,954,2257
2021-10-08,GooFit/AmpGen,2,12,14,25
2021-10-08,GooFit/GooFit,104,23,34,137
2021-10-08,diana-hep/excursion,17,4,6,21
2021-10-08,diana-hep/madminer,55,8,29,77
2021-10-08,gordonwatts/hep_tables,2,2,0,4
2021-10-08,iris-hep/adl-benchmarks-index,8,8,6,18
2021-10-08,iris-hep/func_adl,5,8,2,12
2021-10-08,iris-hep/func_adl_servicex,0,6,1,7
2021-10-08,iris-hep/func_adl_uproot,0,6,0,6
2021-10-08,iris-hep/func_adl_xAOD,0,6,3,8
2021-10-08,iris-hep/qastle,3,3,1,6
2021-10-08,reanahub/reana,81,20,36,118
2021-10-08,scailfin/madminer-workflow,4,3,4,6
2021-10-08,scikit-hep/awkward-0.x,218,15,37,252
2021-10-08,scikit-hep/awkward-1.0,287,17,40,316
2021-10-08,scikit-hep/boost-histogram,92,10,14,106
2021-10-08,scikit-hep/cabinetry,14,1,6,18
2021-10-08,scikit-hep/cookie,17,3,3,18
2021-10-08,scikit-hep/decaylanguage,28,6,8,32
2021-10-08,scikit-hep/fastjet,5,7,3,14
2021-10-08,scikit-hep/hist,56,10,11,67
2021-10-08,scikit-hep/mplhep,112,4,28,132
2021-10-08,scikit-hep/particle,96,8,14,108
2021-10-08,scikit-hep/pyhf,188,11,63,228
2021-10-08,scikit-hep/uhi,8,2,2,11
2021-10-08,scikit-hep/uproot3,316,22,70,371
2021-10-08,scikit-hep/uproot4,112,16,34,143
2021-10-08,scikit-hep/vector,29,10,9,38
2021-10-08,All IRIS-HEP Analysis Systems,1197,134,344,1449
2021-10-08,root-project/root,1534,111,955,2259
2021-10-09,GooFit/AmpGen,2,12,14,25
2021-10-09,GooFit/GooFit,104,23,34,137
2021-10-09,diana-hep/excursion,17,4,6,21
2021-10-09,diana-hep/madminer,55,8,29,77
2021-10-09,gordonwatts/hep_tables,2,2,0,4
2021-10-09,iris-hep/adl-benchmarks-index,8,8,6,18
2021-10-09,iris-hep/func_adl,5,8,2,12
2021-10-09,iris-hep/func_adl_servicex,0,6,1,7
2021-10-09,iris-hep/func_adl_uproot,0,6,0,6
2021-10-09,iris-hep/func_adl_xAOD,0,6,3,8
2021-10-09,iris-hep/qastle,3,3,1,6
2021-10-09,reanahub/reana,81,20,36,118
2021-10-09,scailfin/madminer-workflow,4,3,4,6
2021-10-09,scikit-hep/awkward-0.x,218,15,37,252
2021-10-09,scikit-hep/awkward-1.0,287,17,40,316
2021-10-09,scikit-hep/boost-histogram,92,10,14,106
2021-10-09,scikit-hep/cabinetry,14,1,6,18
2021-10-09,scikit-hep/cookie,17,3,3,18
2021-10-09,scikit-hep/decaylanguage,28,6,8,32
2021-10-09,scikit-hep/fastjet,5,7,3,14
2021-10-09,scikit-hep/hist,56,10,11,67
2021-10-09,scikit-hep/mplhep,112,4,28,132
2021-10-09,scikit-hep/particle,96,8,14,108
2021-10-09,scikit-hep/pyhf,188,11,62,228
2021-10-09,scikit-hep/uhi,8,2,2,11
2021-10-09,scikit-hep/uproot3,316,22,70,371
2021-10-09,scikit-hep/uproot4,112,16,34,143
2021-10-09,scikit-hep/vector,29,10,9,38
2021-10-09,All IRIS-HEP Analysis Systems,1197,134,344,1449
2021-10-09,root-project/root,1535,111,956,2261
2021-10-10,GooFit/AmpGen,2,12,14,25
2021-10-10,GooFit/GooFit,104,23,34,137
2021-10-10,diana-hep/excursion,17,4,6,21
2021-10-10,diana-hep/madminer,55,8,29,77
2021-10-10,gordonwatts/hep_tables,2,2,0,4
2021-10-10,iris-hep/adl-benchmarks-index,8,8,6,18
2021-10-10,iris-hep/func_adl,5,8,2,12
2021-10-10,iris-hep/func_adl_servicex,0,6,1,7
2021-10-10,iris-hep/func_adl_uproot,0,6,0,6
2021-10-10,iris-hep/func_adl_xAOD,0,6,3,8
2021-10-10,iris-hep/qastle,3,3,1,6
2021-10-10,reanahub/reana,81,20,36,118
2021-10-10,scailfin/madminer-workflow,4,3,4,6
2021-10-10,scikit-hep/awkward-0.x,218,15,37,252
2021-10-10,scikit-hep/awkward-1.0,288,16,40,317
2021-10-10,scikit-hep/boost-histogram,92,10,14,106
2021-10-10,scikit-hep/cabinetry,14,1,6,18
2021-10-10,scikit-hep/cookie,17,3,3,18
2021-10-10,scikit-hep/decaylanguage,28,6,8,32
2021-10-10,scikit-hep/fastjet,5,7,3,14
2021-10-10,scikit-hep/hist,56,10,11,67
2021-10-10,scikit-hep/mplhep,112,4,28,132
2021-10-10,scikit-hep/particle,96,8,14,108
2021-10-10,scikit-hep/pyhf,188,11,62,228
2021-10-10,scikit-hep/uhi,8,2,2,11
2021-10-10,scikit-hep/uproot3,316,22,70,371
2021-10-10,scikit-hep/uproot4,112,16,34,143
2021-10-10,scikit-hep/vector,29,10,9,38
2021-10-10,All IRIS-HEP Analysis Systems,1198,133,344,1450
2021-10-10,root-project/root,1536,111,958,2263
2021-10-11,GooFit/AmpGen,2,12,14,25
2021-10-11,GooFit/GooFit,104,23,34,137
2021-10-11,diana-hep/excursion,17,4,6,21
2021-10-11,diana-hep/madminer,55,8,29,77
2021-10-11,gordonwatts/hep_tables,2,2,0,4
2021-10-11,iris-hep/adl-benchmarks-index,8,8,6,18
2021-10-11,iris-hep/func_adl,5,8,2,12
2021-10-11,iris-hep/func_adl_servicex,0,6,1,7
2021-10-11,iris-hep/func_adl_uproot,0,6,0,6
2021-10-11,iris-hep/func_adl_xAOD,0,6,3,8
2021-10-11,iris-hep/qastle,3,3,1,6
2021-10-11,reanahub/reana,81,20,36,118
2021-10-11,scailfin/madminer-workflow,4,3,4,6
2021-10-11,scikit-hep/awkward-0.x,218,15,37,252
2021-10-11,scikit-hep/awkward-1.0,288,16,40,317
2021-10-11,scikit-hep/boost-histogram,92,10,14,106
2021-10-11,scikit-hep/cabinetry,14,1,6,18
2021-10-11,scikit-hep/cookie,17,3,3,18
2021-10-11,scikit-hep/decaylanguage,28,6,8,32
2021-10-11,scikit-hep/fastjet,5,7,3,14
2021-10-11,scikit-hep/hist,56,10,11,67
2021-10-11,scikit-hep/mplhep,112,4,28,132
2021-10-11,scikit-hep/particle,96,8,14,108
2021-10-11,scikit-hep/pyhf,188,11,62,228
2021-10-11,scikit-hep/uhi,8,2,2,11
2021-10-11,scikit-hep/uproot3,316,22,70,371
2021-10-11,scikit-hep/uproot4,112,16,34,143
2021-10-11,scikit-hep/vector,29,10,9,38
2021-10-11,All IRIS-HEP Analysis Systems,1198,133,344,1450
2021-10-11,root-project/root,1537,112,959,2266
2021-10-12,GooFit/AmpGen,2,12,14,25
2021-10-12,GooFit/GooFit,104,23,34,137
2021-10-12,diana-hep/excursion,17,4,6,21
2021-10-12,diana-hep/madminer,55,8,29,77
2021-10-12,gordonwatts/hep_tables,2,2,0,4
2021-10-12,iris-hep/adl-benchmarks-index,8,8,6,18
2021-10-12,iris-hep/func_adl,5,8,2,12
2021-10-12,iris-hep/func_adl_servicex,0,6,1,7
2021-10-12,iris-hep/func_adl_uproot,0,6,0,6
2021-10-12,iris-hep/func_adl_xAOD,0,6,3,8
2021-10-12,iris-hep/qastle,3,3,1,6
2021-10-12,reanahub/reana,81,20,36,118
2021-10-12,scailfin/madminer-workflow,4,3,4,6
2021-10-12,scikit-hep/awkward-0.x,218,15,37,252
2021-10-12,scikit-hep/awkward-1.0,289,16,40,318
2021-10-12,scikit-hep/boost-histogram,92,10,14,106
2021-10-12,scikit-hep/cabinetry,14,1,6,18
2021-10-12,scikit-hep/cookie,17,3,3,18
2021-10-12,scikit-hep/decaylanguage,28,6,8,32
2021-10-12,scikit-hep/fastjet,5,7,3,14
2021-10-12,scikit-hep/hist,56,10,11,67
2021-10-12,scikit-hep/mplhep,112,4,27,132
2021-10-12,scikit-hep/particle,96,8,14,108
2021-10-12,scikit-hep/pyhf,188,11,62,228
2021-10-12,scikit-hep/uhi,8,2,2,11
2021-10-12,scikit-hep/uproot3,316,23,70,372
2021-10-12,scikit-hep/uproot4,112,16,34,143
2021-10-12,scikit-hep/vector,29,10,9,38
2021-10-12,All IRIS-HEP Analysis Systems,1199,134,343,1452
2021-10-12,root-project/root,1537,112,961,2268
2021-10-13,GooFit/AmpGen,2,12,14,25
2021-10-13,GooFit/GooFit,105,23,34,138
2021-10-13,diana-hep/excursion,17,4,6,21
2021-10-13,diana-hep/madminer,55,8,29,77
2021-10-13,gordonwatts/hep_tables,2,2,0,4
2021-10-13,iris-hep/adl-benchmarks-index,8,8,6,18
2021-10-13,iris-hep/func_adl,5,8,2,12
2021-10-13,iris-hep/func_adl_servicex,0,6,1,7
2021-10-13,iris-hep/func_adl_uproot,0,6,0,6
2021-10-13,iris-hep/func_adl_xAOD,0,6,3,8
2021-10-13,iris-hep/qastle,3,3,1,6
2021-10-13,reanahub/reana,81,20,36,118
2021-10-13,scailfin/madminer-workflow,4,3,4,6
2021-10-13,scikit-hep/awkward-0.x,218,15,37,252
2021-10-13,scikit-hep/awkward-1.0,290,16,40,319
2021-10-13,scikit-hep/boost-histogram,92,10,14,106
2021-10-13,scikit-hep/cabinetry,14,1,6,18
2021-10-13,scikit-hep/cookie,17,3,3,18
2021-10-13,scikit-hep/decaylanguage,28,6,8,32
2021-10-13,scikit-hep/fastjet,5,7,3,14
2021-10-13,scikit-hep/hist,56,10,11,67
2021-10-13,scikit-hep/mplhep,112,4,27,132
2021-10-13,scikit-hep/particle,96,8,14,108
2021-10-13,scikit-hep/pyhf,188,11,62,228
2021-10-13,scikit-hep/uhi,8,2,2,11
2021-10-13,scikit-hep/uproot3,316,23,70,372
2021-10-13,scikit-hep/uproot4,112,16,34,143
2021-10-13,scikit-hep/vector,29,10,9,38
2021-10-13,All IRIS-HEP Analysis Systems,1201,134,343,1454
2021-10-13,root-project/root,1538,112,961,2269
2021-10-14,GooFit/AmpGen,2,12,14,25
2021-10-14,GooFit/GooFit,105,23,34,138
2021-10-14,diana-hep/excursion,17,4,6,21
2021-10-14,diana-hep/madminer,55,8,29,77
2021-10-14,gordonwatts/hep_tables,2,2,0,4
2021-10-14,iris-hep/adl-benchmarks-index,8,8,6,18
2021-10-14,iris-hep/func_adl,5,8,2,12
2021-10-14,iris-hep/func_adl_servicex,0,6,1,7
2021-10-14,iris-hep/func_adl_uproot,0,6,0,6
2021-10-14,iris-hep/func_adl_xAOD,0,6,3,8
2021-10-14,iris-hep/qastle,3,3,1,6
2021-10-14,reanahub/reana,81,20,36,118
2021-10-14,scailfin/madminer-workflow,4,3,4,6
2021-10-14,scikit-hep/awkward-0.x,218,15,37,252
2021-10-14,scikit-hep/awkward-1.0,290,16,40,319
2021-10-14,scikit-hep/boost-histogram,93,10,14,107
2021-10-14,scikit-hep/cabinetry,14,1,6,18
2021-10-14,scikit-hep/cookie,17,3,3,18
2021-10-14,scikit-hep/decaylanguage,28,6,8,32
2021-10-14,scikit-hep/fastjet,5,7,3,14
2021-10-14,scikit-hep/hist,56,10,11,67
2021-10-14,scikit-hep/mplhep,112,4,27,132
2021-10-14,scikit-hep/particle,96,8,14,108
2021-10-14,scikit-hep/pyhf,188,11,62,228
2021-10-14,scikit-hep/uhi,8,2,2,11
2021-10-14,scikit-hep/uproot3,316,23,70,372
2021-10-14,scikit-hep/uproot4,112,16,34,143
2021-10-14,scikit-hep/vector,29,10,9,38
2021-10-14,All IRIS-HEP Analysis Systems,1202,134,343,1455
2021-10-14,root-project/root,1538,112,961,2269
2021-10-15,GooFit/AmpGen,2,12,14,25
2021-10-15,GooFit/GooFit,105,23,34,138
2021-10-15,diana-hep/excursion,17,4,6,21
2021-10-15,diana-hep/madminer,55,8,29,77
2021-10-15,gordonwatts/hep_tables,2,2,0,4
2021-10-15,iris-hep/adl-benchmarks-index,8,8,6,18
2021-10-15,iris-hep/func_adl,5,8,2,12
2021-10-15,iris-hep/func_adl_servicex,0,6,1,7
2021-10-15,iris-hep/func_adl_uproot,0,6,0,6
2021-10-15,iris-hep/func_adl_xAOD,0,6,3,8
2021-10-15,iris-hep/qastle,3,3,1,6
2021-10-15,reanahub/reana,81,20,36,118
2021-10-15,scailfin/madminer-workflow,4,4,4,6
2021-10-15,scikit-hep/awkward-0.x,218,15,37,252
2021-10-15,scikit-hep/awkward-1.0,290,16,40,319
2021-10-15,scikit-hep/boost-histogram,94,10,14,108
2021-10-15,scikit-hep/cabinetry,14,1,6,18
2021-10-15,scikit-hep/cookie,18,3,3,19
2021-10-15,scikit-hep/decaylanguage,29,6,8,33
2021-10-15,scikit-hep/fastjet,5,7,3,14
2021-10-15,scikit-hep/hist,56,10,11,67
2021-10-15,scikit-hep/mplhep,112,4,28,133
2021-10-15,scikit-hep/particle,97,8,14,109
2021-10-15,scikit-hep/pyhf,188,11,62,228
2021-10-15,scikit-hep/uhi,8,2,2,11
2021-10-15,scikit-hep/uproot3,316,23,70,372
2021-10-15,scikit-hep/uproot4,112,16,35,144
2021-10-15,scikit-hep/vector,29,10,9,38
2021-10-15,All IRIS-HEP Analysis Systems,1204,134,345,1459
2021-10-15,root-project/root,1539,112,962,2270
2021-10-16,GooFit/AmpGen,2,12,14,25
2021-10-16,GooFit/GooFit,106,23,34,139
2021-10-16,diana-hep/excursion,17,4,6,21
2021-10-16,diana-hep/madminer,55,8,29,77
2021-10-16,gordonwatts/hep_tables,2,2,0,4
2021-10-16,iris-hep/adl-benchmarks-index,8,8,6,18
2021-10-16,iris-hep/func_adl,5,8,2,12
2021-10-16,iris-hep/func_adl_servicex,0,6,1,7
2021-10-16,iris-hep/func_adl_uproot,0,6,0,6
2021-10-16,iris-hep/func_adl_xAOD,0,6,3,8
2021-10-16,iris-hep/qastle,3,3,1,6
2021-10-16,reanahub/reana,81,20,36,118
2021-10-16,scailfin/madminer-workflow,4,4,4,6
2021-10-16,scikit-hep/awkward-0.x,218,15,37,252
2021-10-16,scikit-hep/awkward-1.0,291,16,40,320
2021-10-16,scikit-hep/boost-histogram,94,10,14,108
2021-10-16,scikit-hep/cabinetry,14,1,6,18
2021-10-16,scikit-hep/cookie,18,3,3,19
2021-10-16,scikit-hep/decaylanguage,29,6,8,33
2021-10-16,scikit-hep/fastjet,5,7,3,14
2021-10-16,scikit-hep/hist,56,10,11,67
2021-10-16,scikit-hep/mplhep,112,4,28,133
2021-10-16,scikit-hep/particle,97,8,14,109
2021-10-16,scikit-hep/pyhf,190,11,63,231
2021-10-16,scikit-hep/uhi,8,2,2,11
2021-10-16,scikit-hep/uproot3,317,23,70,373
2021-10-16,scikit-hep/uproot4,112,16,35,144
2021-10-16,scikit-hep/vector,29,10,9,38
2021-10-16,All IRIS-HEP Analysis Systems,1207,134,346,1463
2021-10-16,root-project/root,1538,112,963,2270
2021-10-17,GooFit/AmpGen,2,12,14,25
2021-10-17,GooFit/GooFit,106,23,34,139
2021-10-17,diana-hep/excursion,17,4,6,21
2021-10-17,diana-hep/madminer,55,8,29,77
2021-10-17,gordonwatts/hep_tables,2,2,0,4
2021-10-17,iris-hep/adl-benchmarks-index,8,8,6,18
2021-10-17,iris-hep/func_adl,5,8,2,12
2021-10-17,iris-hep/func_adl_servicex,0,6,1,7
2021-10-17,iris-hep/func_adl_uproot,0,6,0,6
2021-10-17,iris-hep/func_adl_xAOD,0,6,3,8
2021-10-17,iris-hep/qastle,3,3,1,6
2021-10-17,reanahub/reana,82,20,36,119
2021-10-17,scailfin/madminer-workflow,4,4,4,6
2021-10-17,scikit-hep/awkward-0.x,218,15,37,251
2021-10-17,scikit-hep/awkward-1.0,292,16,40,321
2021-10-17,scikit-hep/boost-histogram,94,10,14,108
2021-10-17,scikit-hep/cabinetry,14,1,6,18
2021-10-17,scikit-hep/cookie,18,3,3,19
2021-10-17,scikit-hep/decaylanguage,29,6,8,33
2021-10-17,scikit-hep/fastjet,5,7,3,14
2021-10-17,scikit-hep/hist,56,10,11,67
2021-10-17,scikit-hep/mplhep,113,4,28,134
2021-10-17,scikit-hep/particle,97,8,14,109
2021-10-17,scikit-hep/pyhf,190,11,63,231
2021-10-17,scikit-hep/uhi,8,2,2,11
2021-10-17,scikit-hep/uproot3,317,23,70,373
2021-10-17,scikit-hep/uproot4,112,16,35,144
2021-10-17,scikit-hep/vector,29,10,9,38
2021-10-17,All IRIS-HEP Analysis Systems,1208,134,346,1464
2021-10-17,root-project/root,1539,112,963,2271
2021-10-18,GooFit/AmpGen,2,12,14,25
2021-10-18,GooFit/GooFit,106,23,34,139
2021-10-18,diana-hep/excursion,17,4,6,21
2021-10-18,diana-hep/madminer,55,8,29,77
2021-10-18,gordonwatts/hep_tables,2,2,0,4
2021-10-18,iris-hep/adl-benchmarks-index,8,8,6,18
2021-10-18,iris-hep/func_adl,5,8,2,12
2021-10-18,iris-hep/func_adl_servicex,0,6,1,7
2021-10-18,iris-hep/func_adl_uproot,0,6,0,6
2021-10-18,iris-hep/func_adl_xAOD,0,6,3,8
2021-10-18,iris-hep/qastle,3,3,1,6
2021-10-18,reanahub/reana,82,20,36,119
2021-10-18,scailfin/madminer-workflow,4,4,4,6
2021-10-18,scikit-hep/awkward-0.x,218,15,37,251
2021-10-18,scikit-hep/awkward-1.0,292,16,40,321
2021-10-18,scikit-hep/boost-histogram,94,10,14,108
2021-10-18,scikit-hep/cabinetry,14,1,6,18
2021-10-18,scikit-hep/cookie,18,3,3,19
2021-10-18,scikit-hep/decaylanguage,29,6,8,33
2021-10-18,scikit-hep/fastjet,5,7,3,14
2021-10-18,scikit-hep/hist,56,10,11,67
2021-10-18,scikit-hep/mplhep,113,4,28,134
2021-10-18,scikit-hep/particle,97,8,14,109
2021-10-18,scikit-hep/pyhf,191,11,63,232
2021-10-18,scikit-hep/uhi,8,2,2,11
2021-10-18,scikit-hep/uproot3,317,23,70,373
2021-10-18,scikit-hep/uproot4,112,16,35,144
2021-10-18,scikit-hep/vector,29,10,9,38
2021-10-18,All IRIS-HEP Analysis Systems,1209,134,346,1465
2021-10-18,root-project/root,1540,112,963,2272
2021-10-19,GooFit/AmpGen,2,12,14,25
2021-10-19,GooFit/GooFit,106,23,34,139
2021-10-19,diana-hep/excursion,17,4,6,21
2021-10-19,diana-hep/madminer,55,8,29,77
2021-10-19,gordonwatts/hep_tables,2,2,0,4
2021-10-19,iris-hep/adl-benchmarks-index,8,8,6,18
2021-10-19,iris-hep/func_adl,5,8,2,12
2021-10-19,iris-hep/func_adl_servicex,0,6,1,7
2021-10-19,iris-hep/func_adl_uproot,0,6,0,6
2021-10-19,iris-hep/func_adl_xAOD,0,6,3,8
2021-10-19,iris-hep/qastle,3,3,1,6
2021-10-19,reanahub/reana,82,20,36,119
2021-10-19,scailfin/madminer-workflow,4,4,4,6
2021-10-19,scikit-hep/awkward-0.x,218,15,37,252
2021-10-19,scikit-hep/awkward-1.0,293,16,40,322
2021-10-19,scikit-hep/boost-histogram,94,10,14,108
2021-10-19,scikit-hep/cabinetry,14,1,6,18
2021-10-19,scikit-hep/cookie,18,3,3,19
2021-10-19,scikit-hep/decaylanguage,29,6,8,33
2021-10-19,scikit-hep/fastjet,5,7,3,14
2021-10-19,scikit-hep/hist,56,10,11,67
2021-10-19,scikit-hep/mplhep,113,4,28,134
2021-10-19,scikit-hep/particle,98,8,14,110
2021-10-19,scikit-hep/pyhf,192,11,62,232
2021-10-19,scikit-hep/uhi,8,2,2,11
2021-10-19,scikit-hep/uproot3,317,23,70,373
2021-10-19,scikit-hep/uproot4,112,16,35,144
2021-10-19,scikit-hep/vector,29,10,9,38
2021-10-19,All IRIS-HEP Analysis Systems,1211,134,345,1466
2021-10-19,root-project/root,1540,112,963,2272
2021-10-20,GooFit/AmpGen,2,12,14,25
2021-10-20,GooFit/GooFit,106,23,34,139
2021-10-20,diana-hep/excursion,17,4,6,21
2021-10-20,diana-hep/madminer,55,8,29,77
2021-10-20,gordonwatts/hep_tables,2,2,0,4
2021-10-20,iris-hep/adl-benchmarks-index,8,8,6,18
2021-10-20,iris-hep/func_adl,5,8,2,12
2021-10-20,iris-hep/func_adl_servicex,0,6,1,7
2021-10-20,iris-hep/func_adl_uproot,0,6,0,6
2021-10-20,iris-hep/func_adl_xAOD,0,6,3,8
2021-10-20,iris-hep/qastle,3,3,1,6
2021-10-20,reanahub/reana,82,20,36,119
2021-10-20,scailfin/madminer-workflow,4,4,4,6
2021-10-20,scikit-hep/awkward-0.x,218,15,37,252
2021-10-20,scikit-hep/awkward-1.0,293,16,40,322
2021-10-20,scikit-hep/boost-histogram,96,10,14,110
2021-10-20,scikit-hep/cabinetry,14,1,6,18
2021-10-20,scikit-hep/cookie,18,3,3,19
2021-10-20,scikit-hep/decaylanguage,29,6,8,33
2021-10-20,scikit-hep/fastjet,5,7,3,14
2021-10-20,scikit-hep/hist,56,10,11,67
2021-10-20,scikit-hep/mplhep,113,4,28,134
2021-10-20,scikit-hep/particle,98,8,14,110
2021-10-20,scikit-hep/pyhf,193,11,62,233
2021-10-20,scikit-hep/uhi,8,2,2,11
2021-10-20,scikit-hep/uproot3,317,23,70,373
2021-10-20,scikit-hep/uproot4,112,16,35,144
2021-10-20,scikit-hep/vector,29,10,9,38
2021-10-20,All IRIS-HEP Analysis Systems,1214,134,345,1469
2021-10-20,root-project/root,1542,112,965,2274
2021-10-21,GooFit/AmpGen,2,12,14,25
2021-10-21,GooFit/GooFit,106,23,34,139
2021-10-21,diana-hep/excursion,17,4,6,21
2021-10-21,diana-hep/madminer,55,8,29,77
2021-10-21,gordonwatts/hep_tables,2,2,0,4
2021-10-21,iris-hep/adl-benchmarks-index,8,8,6,18
2021-10-21,iris-hep/func_adl,5,8,2,12
2021-10-21,iris-hep/func_adl_servicex,0,6,1,7
2021-10-21,iris-hep/func_adl_uproot,0,6,0,6
2021-10-21,iris-hep/func_adl_xAOD,0,6,3,8
2021-10-21,iris-hep/qastle,3,3,1,6
2021-10-21,reanahub/reana,82,20,36,119
2021-10-21,scailfin/madminer-workflow,4,4,4,6
2021-10-21,scikit-hep/awkward-0.x,218,15,37,252
2021-10-21,scikit-hep/awkward-1.0,293,16,40,322
2021-10-21,scikit-hep/boost-histogram,96,10,14,110
2021-10-21,scikit-hep/cabinetry,14,1,6,18
2021-10-21,scikit-hep/cookie,18,3,3,19
2021-10-21,scikit-hep/decaylanguage,29,6,8,33
2021-10-21,scikit-hep/fastjet,5,7,3,14
2021-10-21,scikit-hep/hist,56,10,11,67
2021-10-21,scikit-hep/mplhep,113,4,28,134
2021-10-21,scikit-hep/particle,98,8,14,110
2021-10-21,scikit-hep/pyhf,193,11,62,233
2021-10-21,scikit-hep/uhi,8,2,2,11
2021-10-21,scikit-hep/uproot3,318,23,70,374
2021-10-21,scikit-hep/uproot4,112,16,36,145
2021-10-21,scikit-hep/vector,29,10,9,38
2021-10-21,All IRIS-HEP Analysis Systems,1215,134,346,1471
2021-10-21,root-project/root,1543,112,966,2276
2021-10-22,GooFit/AmpGen,2,12,14,25
2021-10-22,GooFit/GooFit,106,23,34,139
2021-10-22,diana-hep/excursion,17,4,6,21
2021-10-22,diana-hep/madminer,54,8,29,76
2021-10-22,gordonwatts/hep_tables,2,2,0,4
2021-10-22,iris-hep/adl-benchmarks-index,8,8,6,18
2021-10-22,iris-hep/func_adl,5,8,2,12
2021-10-22,iris-hep/func_adl_servicex,0,6,1,7
2021-10-22,iris-hep/func_adl_uproot,0,6,0,6
2021-10-22,iris-hep/func_adl_xAOD,0,6,3,8
2021-10-22,iris-hep/qastle,3,3,1,6
2021-10-22,reanahub/reana,82,20,36,119
2021-10-22,scailfin/madminer-workflow,4,4,4,6
2021-10-22,scikit-hep/awkward-0.x,217,15,37,251
2021-10-22,scikit-hep/awkward-1.0,294,16,40,323
2021-10-22,scikit-hep/boost-histogram,96,10,14,110
2021-10-22,scikit-hep/cabinetry,14,1,6,18
2021-10-22,scikit-hep/cookie,18,3,4,19
2021-10-22,scikit-hep/decaylanguage,28,6,8,32
2021-10-22,scikit-hep/fastjet,5,7,3,14
2021-10-22,scikit-hep/hist,56,10,11,67
2021-10-22,scikit-hep/mplhep,113,4,28,134
2021-10-22,scikit-hep/particle,97,8,14,109
2021-10-22,scikit-hep/pyhf,192,11,62,232
2021-10-22,scikit-hep/uhi,8,2,2,11
2021-10-22,scikit-hep/uproot3,319,23,70,375
2021-10-22,scikit-hep/uproot4,112,16,36,145
2021-10-22,scikit-hep/vector,29,10,9,38
2021-10-22,All IRIS-HEP Analysis Systems,1216,134,346,1472
2021-10-22,root-project/root,1543,112,966,2277
2021-10-23,GooFit/AmpGen,2,12,14,25
2021-10-23,GooFit/GooFit,106,23,34,139
2021-10-23,diana-hep/excursion,17,4,6,21
2021-10-23,diana-hep/madminer,54,8,29,76
2021-10-23,gordonwatts/hep_tables,2,2,0,4
2021-10-23,iris-hep/adl-benchmarks-index,8,8,6,18
2021-10-23,iris-hep/func_adl,5,8,2,12
2021-10-23,iris-hep/func_adl_servicex,0,6,1,7
2021-10-23,iris-hep/func_adl_uproot,0,6,0,6
2021-10-23,iris-hep/func_adl_xAOD,0,6,3,8
2021-10-23,iris-hep/qastle,3,3,1,6
2021-10-23,reanahub/reana,82,20,36,119
2021-10-23,scailfin/madminer-workflow,4,4,4,6
2021-10-23,scikit-hep/awkward-0.x,217,15,37,251
2021-10-23,scikit-hep/awkward-1.0,294,16,40,323
2021-10-23,scikit-hep/boost-histogram,97,10,14,111
2021-10-23,scikit-hep/cabinetry,14,1,6,18
2021-10-23,scikit-hep/cookie,18,3,4,19
2021-10-23,scikit-hep/decaylanguage,28,6,8,32
2021-10-23,scikit-hep/fastjet,5,7,3,14
2021-10-23,scikit-hep/hist,57,10,11,68
2021-10-23,scikit-hep/mplhep,113,4,28,134
2021-10-23,scikit-hep/particle,97,8,14,109
2021-10-23,scikit-hep/pyhf,192,11,61,231
2021-10-23,scikit-hep/uhi,8,2,2,11
2021-10-23,scikit-hep/uproot3,319,23,70,375
2021-10-23,scikit-hep/uproot4,112,16,36,145
2021-10-23,scikit-hep/vector,29,10,9,38
2021-10-23,All IRIS-HEP Analysis Systems,1217,134,346,1473
2021-10-23,root-project/root,1545,112,966,2278
2021-10-24,GooFit/AmpGen,2,12,14,25
2021-10-24,GooFit/GooFit,106,23,34,139
2021-10-24,diana-hep/excursion,17,4,6,21
2021-10-24,diana-hep/madminer,54,8,29,76
2021-10-24,gordonwatts/hep_tables,2,2,0,4
2021-10-24,iris-hep/adl-benchmarks-index,8,8,6,18
2021-10-24,iris-hep/func_adl,5,8,2,12
2021-10-24,iris-hep/func_adl_servicex,0,6,1,7
2021-10-24,iris-hep/func_adl_uproot,0,6,0,6
2021-10-24,iris-hep/func_adl_xAOD,0,6,3,8
2021-10-24,iris-hep/qastle,3,3,1,6
2021-10-24,reanahub/reana,82,20,36,119
2021-10-24,scailfin/madminer-workflow,4,4,4,6
2021-10-24,scikit-hep/awkward-0.x,217,15,37,251
2021-10-24,scikit-hep/awkward-1.0,294,16,40,323
2021-10-24,scikit-hep/boost-histogram,97,10,14,111
2021-10-24,scikit-hep/cabinetry,14,1,6,18
2021-10-24,scikit-hep/cookie,18,3,4,19
2021-10-24,scikit-hep/decaylanguage,28,6,8,32
2021-10-24,scikit-hep/fastjet,5,7,3,14
2021-10-24,scikit-hep/hist,58,10,11,69
2021-10-24,scikit-hep/mplhep,113,4,28,134
2021-10-24,scikit-hep/particle,97,8,14,109
2021-10-24,scikit-hep/pyhf,192,11,61,231
2021-10-24,scikit-hep/uhi,8,2,2,11
2021-10-24,scikit-hep/uproot3,319,23,70,375
2021-10-24,scikit-hep/uproot4,112,16,36,145
2021-10-24,scikit-hep/vector,29,10,9,38
2021-10-24,All IRIS-HEP Analysis Systems,1217,134,346,1473
2021-10-24,root-project/root,1548,112,966,2281
2021-10-25,GooFit/AmpGen,2,12,14,25
2021-10-25,GooFit/GooFit,106,23,34,139
2021-10-25,diana-hep/excursion,17,4,6,21
2021-10-25,diana-hep/madminer,54,8,29,76
2021-10-25,gordonwatts/hep_tables,2,2,0,4
2021-10-25,iris-hep/adl-benchmarks-index,8,8,6,18
2021-10-25,iris-hep/func_adl,5,8,2,12
2021-10-25,iris-hep/func_adl_servicex,0,6,1,7
2021-10-25,iris-hep/func_adl_uproot,0,6,0,6
2021-10-25,iris-hep/func_adl_xAOD,0,6,3,8
2021-10-25,iris-hep/qastle,3,3,1,6
2021-10-25,reanahub/reana,82,20,36,119
2021-10-25,scailfin/madminer-workflow,4,4,4,6
2021-10-25,scikit-hep/awkward-0.x,217,15,37,251
2021-10-25,scikit-hep/awkward-1.0,294,16,40,323
2021-10-25,scikit-hep/boost-histogram,97,10,14,111
2021-10-25,scikit-hep/cabinetry,14,1,6,18
2021-10-25,scikit-hep/cookie,18,3,4,19
2021-10-25,scikit-hep/decaylanguage,28,6,8,32
2021-10-25,scikit-hep/fastjet,5,7,3,14
2021-10-25,scikit-hep/hist,58,10,11,69
2021-10-25,scikit-hep/mplhep,113,4,28,134
2021-10-25,scikit-hep/particle,97,8,14,109
2021-10-25,scikit-hep/pyhf,192,11,61,231
2021-10-25,scikit-hep/uhi,8,2,2,11
2021-10-25,scikit-hep/uproot3,319,23,70,375
2021-10-25,scikit-hep/uproot4,112,16,36,145
2021-10-25,scikit-hep/vector,29,10,9,38
2021-10-25,All IRIS-HEP Analysis Systems,1217,134,346,1473
2021-10-25,root-project/root,1548,112,967,2282
2021-10-26,GooFit/AmpGen,2,12,14,25
2021-10-26,GooFit/GooFit,106,23,34,139
2021-10-26,diana-hep/excursion,17,4,6,21
2021-10-26,diana-hep/madminer,54,8,29,76
2021-10-26,gordonwatts/hep_tables,2,2,0,4
2021-10-26,iris-hep/adl-benchmarks-index,8,8,6,18
2021-10-26,iris-hep/func_adl,5,8,2,12
2021-10-26,iris-hep/func_adl_servicex,0,6,1,7
2021-10-26,iris-hep/func_adl_uproot,0,6,0,6
2021-10-26,iris-hep/func_adl_xAOD,0,6,3,8
2021-10-26,iris-hep/qastle,3,3,1,6
2021-10-26,reanahub/reana,82,20,36,119
2021-10-26,scailfin/madminer-workflow,4,4,4,6
2021-10-26,scikit-hep/awkward-0.x,217,15,37,251
2021-10-26,scikit-hep/awkward-1.0,294,16,40,323
2021-10-26,scikit-hep/boost-histogram,97,10,14,111
2021-10-26,scikit-hep/cabinetry,14,1,6,18
2021-10-26,scikit-hep/cookie,18,3,4,19
2021-10-26,scikit-hep/decaylanguage,28,6,8,32
2021-10-26,scikit-hep/fastjet,5,7,3,14
2021-10-26,scikit-hep/hist,58,10,11,69
2021-10-26,scikit-hep/mplhep,113,4,28,134
2021-10-26,scikit-hep/particle,97,8,14,109
2021-10-26,scikit-hep/pyhf,192,11,62,232
2021-10-26,scikit-hep/uhi,8,2,2,11
2021-10-26,scikit-hep/uproot3,319,23,70,375
2021-10-26,scikit-hep/uproot4,112,16,36,145
2021-10-26,scikit-hep/vector,29,10,9,38
2021-10-26,All IRIS-HEP Analysis Systems,1217,134,346,1473
2021-10-26,root-project/root,1551,111,966,2284
2021-10-27,GooFit/AmpGen,2,12,14,25
2021-10-27,GooFit/GooFit,106,23,34,139
2021-10-27,diana-hep/excursion,17,4,6,21
2021-10-27,diana-hep/madminer,54,8,29,76
2021-10-27,gordonwatts/hep_tables,2,2,0,4
2021-10-27,iris-hep/adl-benchmarks-index,8,8,6,18
2021-10-27,iris-hep/func_adl,5,8,2,12
2021-10-27,iris-hep/func_adl_servicex,0,6,1,7
2021-10-27,iris-hep/func_adl_uproot,0,6,0,6
2021-10-27,iris-hep/func_adl_xAOD,0,6,3,8
2021-10-27,iris-hep/qastle,3,3,1,6
2021-10-27,reanahub/reana,82,20,36,119
2021-10-27,scailfin/madminer-workflow,4,4,4,6
2021-10-27,scikit-hep/awkward-0.x,217,15,37,251
2021-10-27,scikit-hep/awkward-1.0,294,16,40,323
2021-10-27,scikit-hep/boost-histogram,97,10,14,111
2021-10-27,scikit-hep/cabinetry,14,1,6,18
2021-10-27,scikit-hep/cookie,18,3,4,19
2021-10-27,scikit-hep/decaylanguage,28,6,8,32
2021-10-27,scikit-hep/fastjet,5,7,3,14
2021-10-27,scikit-hep/hist,58,10,11,69
2021-10-27,scikit-hep/mplhep,113,4,28,134
2021-10-27,scikit-hep/particle,97,8,14,109
2021-10-27,scikit-hep/pyhf,192,11,62,232
2021-10-27,scikit-hep/uhi,8,2,2,11
2021-10-27,scikit-hep/uproot3,319,23,71,376
2021-10-27,scikit-hep/uproot4,113,16,36,146
2021-10-27,scikit-hep/vector,29,10,9,38
2021-10-27,All IRIS-HEP Analysis Systems,1218,134,347,1475
2021-10-27,root-project/root,1552,111,967,2286
2021-10-28,GooFit/AmpGen,2,12,14,25
2021-10-28,GooFit/GooFit,106,23,34,139
2021-10-28,diana-hep/excursion,17,4,6,21
2021-10-28,diana-hep/madminer,54,8,29,76
2021-10-28,gordonwatts/hep_tables,2,2,0,4
2021-10-28,iris-hep/adl-benchmarks-index,8,8,6,18
2021-10-28,iris-hep/func_adl,5,8,2,12
2021-10-28,iris-hep/func_adl_servicex,0,6,1,7
2021-10-28,iris-hep/func_adl_uproot,0,6,0,6
2021-10-28,iris-hep/func_adl_xAOD,0,6,3,8
2021-10-28,iris-hep/qastle,3,3,1,6
2021-10-28,reanahub/reana,82,20,36,119
2021-10-28,scailfin/madminer-workflow,4,4,4,6
2021-10-28,scikit-hep/awkward-0.x,217,15,37,251
2021-10-28,scikit-hep/awkward-1.0,295,16,40,324
2021-10-28,scikit-hep/boost-histogram,97,10,14,111
2021-10-28,scikit-hep/cabinetry,14,1,6,18
2021-10-28,scikit-hep/cookie,18,3,4,19
2021-10-28,scikit-hep/decaylanguage,28,6,8,32
2021-10-28,scikit-hep/fastjet,5,7,3,14
2021-10-28,scikit-hep/hist,58,10,11,69
2021-10-28,scikit-hep/mplhep,113,4,28,134
2021-10-28,scikit-hep/particle,98,8,15,111
2021-10-28,scikit-hep/pyhf,192,11,62,232
2021-10-28,scikit-hep/uhi,8,2,2,11
2021-10-28,scikit-hep/uproot3,319,23,71,376
2021-10-28,scikit-hep/uproot4,113,16,37,147
2021-10-28,scikit-hep/vector,29,10,9,38
2021-10-28,All IRIS-HEP Analysis Systems,1219,134,349,1478
2021-10-28,root-project/root,1552,111,966,2286
2021-10-29,GooFit/AmpGen,2,12,14,25
2021-10-29,GooFit/GooFit,106,23,34,139
2021-10-29,diana-hep/excursion,17,4,6,21
2021-10-29,diana-hep/madminer,54,8,29,76
2021-10-29,gordonwatts/hep_tables,2,2,0,4
2021-10-29,iris-hep/adl-benchmarks-index,8,8,6,18
2021-10-29,iris-hep/func_adl,5,8,2,12
2021-10-29,iris-hep/func_adl_servicex,0,6,1,7
2021-10-29,iris-hep/func_adl_uproot,0,6,0,6
2021-10-29,iris-hep/func_adl_xAOD,0,6,3,8
2021-10-29,iris-hep/qastle,3,3,1,6
2021-10-29,reanahub/reana,82,20,36,119
2021-10-29,scailfin/madminer-workflow,4,4,4,6
2021-10-29,scikit-hep/awkward-0.x,217,15,37,251
2021-10-29,scikit-hep/awkward-1.0,295,16,40,324
2021-10-29,scikit-hep/boost-histogram,97,10,14,111
2021-10-29,scikit-hep/cabinetry,14,1,6,18
2021-10-29,scikit-hep/cookie,19,3,4,20
2021-10-29,scikit-hep/decaylanguage,28,6,8,32
2021-10-29,scikit-hep/fastjet,5,7,3,14
2021-10-29,scikit-hep/hist,58,10,11,69
2021-10-29,scikit-hep/mplhep,113,4,28,134
2021-10-29,scikit-hep/particle,98,8,15,111
2021-10-29,scikit-hep/pyhf,193,11,62,233
2021-10-29,scikit-hep/uhi,8,2,2,11
2021-10-29,scikit-hep/uproot3,319,23,71,376
2021-10-29,scikit-hep/uproot4,113,16,37,147
2021-10-29,scikit-hep/vector,29,10,9,38
2021-10-29,All IRIS-HEP Analysis Systems,1219,134,349,1478
2021-10-29,root-project/root,1552,111,966,2286
2021-10-30,GooFit/AmpGen,2,12,14,25
2021-10-30,GooFit/GooFit,106,23,34,139
2021-10-30,diana-hep/excursion,17,4,6,21
2021-10-30,diana-hep/madminer,54,8,29,76
2021-10-30,gordonwatts/hep_tables,2,2,0,4
2021-10-30,iris-hep/adl-benchmarks-index,8,8,6,18
2021-10-30,iris-hep/func_adl,5,8,2,12
2021-10-30,iris-hep/func_adl_servicex,0,6,1,7
2021-10-30,iris-hep/func_adl_uproot,0,6,0,6
2021-10-30,iris-hep/func_adl_xAOD,0,6,3,8
2021-10-30,iris-hep/qastle,3,3,1,6
2021-10-30,reanahub/reana,82,20,36,119
2021-10-30,scailfin/madminer-workflow,4,4,4,6
2021-10-30,scikit-hep/awkward-0.x,217,15,37,251
2021-10-30,scikit-hep/awkward-1.0,295,16,40,324
2021-10-30,scikit-hep/boost-histogram,97,10,14,111
2021-10-30,scikit-hep/cabinetry,14,1,6,18
2021-10-30,scikit-hep/cookie,19,3,4,20
2021-10-30,scikit-hep/decaylanguage,29,6,8,33
2021-10-30,scikit-hep/fastjet,5,7,3,14
2021-10-30,scikit-hep/hist,58,10,11,69
2021-10-30,scikit-hep/mplhep,113,4,28,134
2021-10-30,scikit-hep/particle,98,8,15,111
2021-10-30,scikit-hep/pyhf,194,11,62,234
2021-10-30,scikit-hep/uhi,8,2,2,11
2021-10-30,scikit-hep/uproot3,319,23,71,376
2021-10-30,scikit-hep/uproot4,114,16,37,148
2021-10-30,scikit-hep/vector,29,10,9,38
2021-10-30,All IRIS-HEP Analysis Systems,1220,134,349,1479
2021-10-30,root-project/root,1553,111,966,2287
2021-10-31,GooFit/AmpGen,2,12,14,25
2021-10-31,GooFit/GooFit,106,23,34,139
2021-10-31,diana-hep/excursion,17,4,6,21
2021-10-31,diana-hep/madminer,54,8,29,76
2021-10-31,gordonwatts/hep_tables,2,2,0,4
2021-10-31,iris-hep/adl-benchmarks-index,8,8,6,18
2021-10-31,iris-hep/func_adl,5,8,2,12
2021-10-31,iris-hep/func_adl_servicex,0,6,1,7
2021-10-31,iris-hep/func_adl_uproot,0,6,0,6
2021-10-31,iris-hep/func_adl_xAOD,0,6,3,8
2021-10-31,iris-hep/qastle,3,3,1,6
2021-10-31,reanahub/reana,82,20,36,119
2021-10-31,scailfin/madminer-workflow,4,4,4,6
2021-10-31,scikit-hep/awkward-0.x,217,15,37,251
2021-10-31,scikit-hep/awkward-1.0,295,16,40,324
2021-10-31,scikit-hep/boost-histogram,97,10,14,111
2021-10-31,scikit-hep/cabinetry,14,1,6,18
2021-10-31,scikit-hep/cookie,19,3,4,20
2021-10-31,scikit-hep/decaylanguage,29,6,8,33
2021-10-31,scikit-hep/fastjet,5,7,3,14
2021-10-31,scikit-hep/hist,58,10,11,69
2021-10-31,scikit-hep/mplhep,113,4,28,134
2021-10-31,scikit-hep/particle,98,8,15,111
2021-10-31,scikit-hep/pyhf,194,11,62,234
2021-10-31,scikit-hep/uhi,8,2,2,11
2021-10-31,scikit-hep/uproot3,319,23,70,375
2021-10-31,scikit-hep/uproot4,114,16,37,148
2021-10-31,scikit-hep/vector,29,10,9,38
2021-10-31,All IRIS-HEP Analysis Systems,1220,134,348,1478
2021-10-31,root-project/root,1555,111,966,2289
2021-11-01,GooFit/AmpGen,2,12,14,25
2021-11-01,GooFit/GooFit,106,23,34,139
2021-11-01,diana-hep/excursion,17,4,6,21
2021-11-01,diana-hep/madminer,54,8,29,76
2021-11-01,gordonwatts/hep_tables,2,2,0,4
2021-11-01,iris-hep/adl-benchmarks-index,8,8,6,18
2021-11-01,iris-hep/func_adl,5,8,2,12
2021-11-01,iris-hep/func_adl_servicex,0,6,1,7
2021-11-01,iris-hep/func_adl_uproot,0,6,0,6
2021-11-01,iris-hep/func_adl_xAOD,0,6,3,8
2021-11-01,iris-hep/qastle,3,3,1,6
2021-11-01,reanahub/reana,82,20,36,119
2021-11-01,scailfin/madminer-workflow,4,4,4,6
2021-11-01,scikit-hep/awkward-0.x,217,15,37,251
2021-11-01,scikit-hep/awkward-1.0,296,16,40,325
2021-11-01,scikit-hep/boost-histogram,97,10,14,111
2021-11-01,scikit-hep/cabinetry,14,1,6,18
2021-11-01,scikit-hep/cookie,21,3,4,22
2021-11-01,scikit-hep/decaylanguage,29,6,8,33
2021-11-01,scikit-hep/fastjet,5,7,3,14
2021-11-01,scikit-hep/hist,58,10,11,69
2021-11-01,scikit-hep/mplhep,113,4,28,134
2021-11-01,scikit-hep/particle,98,8,15,111
2021-11-01,scikit-hep/pyhf,194,11,62,234
2021-11-01,scikit-hep/uhi,8,2,2,11
2021-11-01,scikit-hep/uproot3,319,23,70,375
2021-11-01,scikit-hep/uproot4,114,16,37,148
2021-11-01,scikit-hep/vector,29,10,9,38
2021-11-01,All IRIS-HEP Analysis Systems,1222,134,348,1480
2021-11-01,root-project/root,1557,111,967,2292
2021-11-02,GooFit/AmpGen,2,12,14,25
2021-11-02,GooFit/GooFit,106,23,34,139
2021-11-02,diana-hep/excursion,17,4,6,21
2021-11-02,diana-hep/madminer,55,8,29,77
2021-11-02,gordonwatts/hep_tables,2,2,0,4
2021-11-02,iris-hep/adl-benchmarks-index,8,8,6,18
2021-11-02,iris-hep/func_adl,5,8,2,12
2021-11-02,iris-hep/func_adl_servicex,0,6,1,7
2021-11-02,iris-hep/func_adl_uproot,0,6,0,6
2021-11-02,iris-hep/func_adl_xAOD,0,6,3,8
2021-11-02,iris-hep/qastle,3,3,1,6
2021-11-02,reanahub/reana,82,20,36,119
2021-11-02,scailfin/madminer-workflow,4,4,4,6
2021-11-02,scikit-hep/awkward-0.x,217,15,37,251
2021-11-02,scikit-hep/awkward-1.0,296,16,40,325
2021-11-02,scikit-hep/boost-histogram,98,10,14,112
2021-11-02,scikit-hep/cabinetry,14,1,6,18
2021-11-02,scikit-hep/cookie,21,3,4,22
2021-11-02,scikit-hep/decaylanguage,29,6,8,33
2021-11-02,scikit-hep/fastjet,5,7,3,14
2021-11-02,scikit-hep/hist,58,10,12,70
2021-11-02,scikit-hep/mplhep,113,4,28,134
2021-11-02,scikit-hep/particle,98,8,15,111
2021-11-02,scikit-hep/pyhf,194,11,62,234
2021-11-02,scikit-hep/uhi,8,2,2,11
2021-11-02,scikit-hep/uproot3,319,23,70,375
2021-11-02,scikit-hep/uproot4,114,16,37,148
2021-11-02,scikit-hep/vector,29,10,9,38
2021-11-02,All IRIS-HEP Analysis Systems,1224,134,349,1483
2021-11-02,root-project/root,1557,111,967,2292
2021-11-03,GooFit/AmpGen,2,12,14,25
2021-11-03,GooFit/GooFit,106,23,34,139
2021-11-03,diana-hep/excursion,17,4,6,21
2021-11-03,diana-hep/madminer,55,8,29,77
2021-11-03,gordonwatts/hep_tables,2,2,0,4
2021-11-03,iris-hep/adl-benchmarks-index,8,8,6,18
2021-11-03,iris-hep/func_adl,5,8,2,12
2021-11-03,iris-hep/func_adl_servicex,0,6,1,7
2021-11-03,iris-hep/func_adl_uproot,0,6,0,6
2021-11-03,iris-hep/func_adl_xAOD,0,6,3,8
2021-11-03,iris-hep/qastle,3,3,1,6
2021-11-03,reanahub/reana,82,20,36,119
2021-11-03,scailfin/madminer-workflow,4,4,4,6
2021-11-03,scikit-hep/awkward-0.x,217,15,37,251
2021-11-03,scikit-hep/awkward-1.0,296,16,40,325
2021-11-03,scikit-hep/boost-histogram,98,10,14,112
2021-11-03,scikit-hep/cabinetry,14,1,6,18
2021-11-03,scikit-hep/cookie,21,3,4,22
2021-11-03,scikit-hep/decaylanguage,29,6,8,33
2021-11-03,scikit-hep/fastjet,5,7,3,14
2021-11-03,scikit-hep/hist,58,10,12,70
2021-11-03,scikit-hep/mplhep,113,4,28,134
2021-11-03,scikit-hep/particle,98,8,15,111
2021-11-03,scikit-hep/pyhf,194,11,62,234
2021-11-03,scikit-hep/uhi,8,2,2,11
2021-11-03,scikit-hep/uproot3,319,23,70,375
2021-11-03,scikit-hep/uproot4,114,16,37,148
2021-11-03,scikit-hep/vector,29,10,9,38
2021-11-03,All IRIS-HEP Analysis Systems,1224,134,349,1483
2021-11-03,root-project/root,1557,111,967,2292
2021-11-04,GooFit/AmpGen,2,12,14,25
2021-11-04,GooFit/GooFit,106,23,34,139
2021-11-04,diana-hep/excursion,17,4,6,21
2021-11-04,diana-hep/madminer,55,8,29,77
2021-11-04,gordonwatts/hep_tables,2,2,0,4
2021-11-04,iris-hep/adl-benchmarks-index,8,8,6,18
2021-11-04,iris-hep/func_adl,6,8,2,13
2021-11-04,iris-hep/func_adl_servicex,0,6,1,7
2021-11-04,iris-hep/func_adl_uproot,0,6,0,6
2021-11-04,iris-hep/func_adl_xAOD,0,6,3,8
2021-11-04,iris-hep/qastle,3,3,1,6
2021-11-04,reanahub/reana,82,20,37,120
2021-11-04,scailfin/madminer-workflow,4,4,4,6
2021-11-04,scikit-hep/awkward-0.x,217,15,37,251
2021-11-04,scikit-hep/awkward-1.0,297,16,41,327
2021-11-04,scikit-hep/boost-histogram,99,10,14,113
2021-11-04,scikit-hep/cabinetry,14,1,6,18
2021-11-04,scikit-hep/cookie,21,3,4,22
2021-11-04,scikit-hep/decaylanguage,29,6,8,33
2021-11-04,scikit-hep/fastjet,5,7,3,14
2021-11-04,scikit-hep/hist,58,10,12,70
2021-11-04,scikit-hep/mplhep,114,4,28,135
2021-11-04,scikit-hep/particle,98,8,15,111
2021-11-04,scikit-hep/pyhf,194,11,62,234
2021-11-04,scikit-hep/uhi,8,2,2,11
2021-11-04,scikit-hep/uproot3,319,23,70,375
2021-11-04,scikit-hep/uproot4,115,16,37,149
2021-11-04,scikit-hep/vector,31,10,10,40
2021-11-04,All IRIS-HEP Analysis Systems,1228,134,352,1489
2021-11-04,root-project/root,1577,112,969,2313
2021-11-05,GooFit/AmpGen,2,12,14,25
2021-11-05,GooFit/GooFit,106,23,34,139
2021-11-05,diana-hep/excursion,17,4,6,21
2021-11-05,diana-hep/madminer,55,8,29,77
2021-11-05,gordonwatts/hep_tables,2,2,0,4
2021-11-05,iris-hep/adl-benchmarks-index,8,8,6,18
2021-11-05,iris-hep/func_adl,6,8,2,13
2021-11-05,iris-hep/func_adl_servicex,0,6,1,7
2021-11-05,iris-hep/func_adl_uproot,0,6,0,6
2021-11-05,iris-hep/func_adl_xAOD,0,6,3,8
2021-11-05,iris-hep/qastle,3,3,1,6
2021-11-05,reanahub/reana,83,20,37,120
2021-11-05,scailfin/madminer-workflow,4,4,4,6
2021-11-05,scikit-hep/awkward-0.x,217,15,37,251
2021-11-05,scikit-hep/awkward-1.0,297,16,41,327
2021-11-05,scikit-hep/boost-histogram,99,10,14,113
2021-11-05,scikit-hep/cabinetry,14,1,6,18
2021-11-05,scikit-hep/cookie,21,3,4,22
2021-11-05,scikit-hep/decaylanguage,29,6,9,34
2021-11-05,scikit-hep/fastjet,5,7,3,14
2021-11-05,scikit-hep/hist,58,10,12,70
2021-11-05,scikit-hep/mplhep,115,4,28,136
2021-11-05,scikit-hep/particle,98,8,16,112
2021-11-05,scikit-hep/pyhf,194,11,62,234
2021-11-05,scikit-hep/uhi,8,2,2,11
2021-11-05,scikit-hep/uproot3,319,23,70,375
2021-11-05,scikit-hep/uproot4,115,16,37,149
2021-11-05,scikit-hep/vector,31,10,10,40
2021-11-05,All IRIS-HEP Analysis Systems,1229,134,352,1489
2021-11-05,root-project/root,1590,113,970,2327
2021-11-06,GooFit/AmpGen,2,12,14,25
2021-11-06,GooFit/GooFit,106,23,34,139
2021-11-06,diana-hep/excursion,17,4,6,21
2021-11-06,diana-hep/madminer,55,8,29,77
2021-11-06,gordonwatts/hep_tables,2,2,0,4
2021-11-06,iris-hep/adl-benchmarks-index,8,8,6,18
2021-11-06,iris-hep/func_adl,6,8,2,13
2021-11-06,iris-hep/func_adl_servicex,0,6,1,7
2021-11-06,iris-hep/func_adl_uproot,0,6,0,6
2021-11-06,iris-hep/func_adl_xAOD,0,6,3,8
2021-11-06,iris-hep/qastle,3,3,1,6
2021-11-06,reanahub/reana,83,20,37,120
2021-11-06,scailfin/madminer-workflow,4,4,4,6
2021-11-06,scikit-hep/awkward-0.x,218,15,37,252
2021-11-06,scikit-hep/awkward-1.0,297,16,41,327
2021-11-06,scikit-hep/boost-histogram,99,10,14,113
2021-11-06,scikit-hep/cabinetry,14,1,6,18
2021-11-06,scikit-hep/cookie,21,3,4,22
2021-11-06,scikit-hep/decaylanguage,29,6,9,34
2021-11-06,scikit-hep/fastjet,5,7,3,14
2021-11-06,scikit-hep/hist,58,10,12,70
2021-11-06,scikit-hep/mplhep,115,4,28,136
2021-11-06,scikit-hep/particle,98,8,16,112
2021-11-06,scikit-hep/pyhf,194,11,62,234
2021-11-06,scikit-hep/uhi,8,2,2,11
2021-11-06,scikit-hep/uproot3,319,23,70,375
2021-11-06,scikit-hep/uproot4,115,16,38,150
2021-11-06,scikit-hep/vector,31,10,10,40
2021-11-06,All IRIS-HEP Analysis Systems,1229,134,352,1489
2021-11-06,root-project/root,1591,113,970,2327
2021-11-07,GooFit/AmpGen,2,12,14,25
2021-11-07,GooFit/GooFit,106,23,34,139
2021-11-07,diana-hep/excursion,17,4,6,21
2021-11-07,diana-hep/madminer,55,8,29,77
2021-11-07,gordonwatts/hep_tables,2,2,0,4
2021-11-07,iris-hep/adl-benchmarks-index,8,8,6,18
2021-11-07,iris-hep/func_adl,6,8,2,13
2021-11-07,iris-hep/func_adl_servicex,0,6,1,7
2021-11-07,iris-hep/func_adl_uproot,0,6,0,6
2021-11-07,iris-hep/func_adl_xAOD,0,6,3,8
2021-11-07,iris-hep/qastle,3,3,1,6
2021-11-07,reanahub/reana,83,20,37,120
2021-11-07,scailfin/madminer-workflow,4,4,4,6
2021-11-07,scikit-hep/awkward-0.x,218,15,37,252
2021-11-07,scikit-hep/awkward-1.0,297,16,41,327
2021-11-07,scikit-hep/boost-histogram,99,10,14,113
2021-11-07,scikit-hep/cabinetry,14,1,6,18
2021-11-07,scikit-hep/cookie,21,3,4,22
2021-11-07,scikit-hep/decaylanguage,29,6,9,34
2021-11-07,scikit-hep/fastjet,5,7,3,14
2021-11-07,scikit-hep/hist,58,10,12,70
2021-11-07,scikit-hep/mplhep,115,4,28,136
2021-11-07,scikit-hep/particle,98,8,16,112
2021-11-07,scikit-hep/pyhf,194,11,62,234
2021-11-07,scikit-hep/uhi,8,2,2,11
2021-11-07,scikit-hep/uproot3,319,23,70,375
2021-11-07,scikit-hep/uproot4,115,16,38,150
2021-11-07,scikit-hep/vector,31,10,10,40
2021-11-07,All IRIS-HEP Analysis Systems,1229,134,352,1489
2021-11-07,root-project/root,1592,113,970,2329
2021-11-08,GooFit/AmpGen,2,12,14,25
2021-11-08,GooFit/GooFit,106,23,34,139
2021-11-08,diana-hep/excursion,17,4,6,21
2021-11-08,diana-hep/madminer,55,8,29,77
2021-11-08,gordonwatts/hep_tables,2,2,0,4
2021-11-08,iris-hep/adl-benchmarks-index,8,8,6,18
2021-11-08,iris-hep/func_adl,6,8,2,13
2021-11-08,iris-hep/func_adl_servicex,0,6,1,7
2021-11-08,iris-hep/func_adl_uproot,0,6,0,6
2021-11-08,iris-hep/func_adl_xAOD,0,6,3,8
2021-11-08,iris-hep/qastle,3,3,1,6
2021-11-08,reanahub/reana,83,20,37,120
2021-11-08,scailfin/madminer-workflow,4,4,4,6
2021-11-08,scikit-hep/awkward-0.x,218,15,37,252
2021-11-08,scikit-hep/awkward-1.0,297,16,41,327
2021-11-08,scikit-hep/boost-histogram,99,10,14,113
2021-11-08,scikit-hep/cabinetry,14,1,6,18
2021-11-08,scikit-hep/cookie,21,3,4,22
2021-11-08,scikit-hep/decaylanguage,29,6,9,34
2021-11-08,scikit-hep/fastjet,5,7,3,14
2021-11-08,scikit-hep/hist,58,10,12,70
2021-11-08,scikit-hep/mplhep,115,4,28,136
2021-11-08,scikit-hep/particle,98,8,16,112
2021-11-08,scikit-hep/pyhf,194,11,62,234
2021-11-08,scikit-hep/uhi,8,2,2,11
2021-11-08,scikit-hep/uproot3,319,23,70,375
2021-11-08,scikit-hep/uproot4,115,16,38,150
2021-11-08,scikit-hep/vector,32,10,10,41
2021-11-08,All IRIS-HEP Analysis Systems,1229,134,352,1489
2021-11-08,root-project/root,1593,113,970,2329
2021-11-09,GooFit/AmpGen,2,12,14,25
2021-11-09,GooFit/GooFit,106,23,34,139
2021-11-09,diana-hep/excursion,17,4,6,21
2021-11-09,diana-hep/madminer,56,8,29,78
2021-11-09,gordonwatts/hep_tables,2,2,0,4
2021-11-09,iris-hep/adl-benchmarks-index,8,8,6,18
2021-11-09,iris-hep/func_adl,6,8,2,13
2021-11-09,iris-hep/func_adl_servicex,0,6,1,7
2021-11-09,iris-hep/func_adl_uproot,0,6,0,6
2021-11-09,iris-hep/func_adl_xAOD,0,6,3,8
2021-11-09,iris-hep/qastle,3,3,1,6
2021-11-09,reanahub/reana,84,20,37,121
2021-11-09,scailfin/madminer-workflow,4,4,4,6
2021-11-09,scikit-hep/awkward-0.x,218,15,37,252
2021-11-09,scikit-hep/awkward-1.0,297,16,41,327
2021-11-09,scikit-hep/boost-histogram,99,10,14,113
2021-11-09,scikit-hep/cabinetry,14,1,6,18
2021-11-09,scikit-hep/cookie,21,3,4,22
2021-11-09,scikit-hep/decaylanguage,29,6,9,34
2021-11-09,scikit-hep/fastjet,5,7,3,14
2021-11-09,scikit-hep/hist,58,10,12,70
2021-11-09,scikit-hep/mplhep,115,4,28,136
2021-11-09,scikit-hep/particle,98,8,16,112
2021-11-09,scikit-hep/pyhf,194,11,62,234
2021-11-09,scikit-hep/uhi,8,2,2,11
2021-11-09,scikit-hep/uproot3,319,23,70,375
2021-11-09,scikit-hep/uproot4,117,16,38,152
2021-11-09,scikit-hep/vector,32,10,10,41
2021-11-09,All IRIS-HEP Analysis Systems,1231,134,352,1491
2021-11-09,root-project/root,1593,113,971,2330
2021-11-10,GooFit/AmpGen,2,12,14,25
2021-11-10,GooFit/GooFit,106,23,34,139
2021-11-10,diana-hep/excursion,17,4,6,21
2021-11-10,diana-hep/madminer,56,9,29,79
2021-11-10,gordonwatts/hep_tables,2,2,0,4
2021-11-10,iris-hep/adl-benchmarks-index,8,8,6,18
2021-11-10,iris-hep/func_adl,6,8,2,13
2021-11-10,iris-hep/func_adl_servicex,0,6,1,7
2021-11-10,iris-hep/func_adl_uproot,0,6,0,6
2021-11-10,iris-hep/func_adl_xAOD,0,6,3,8
2021-11-10,iris-hep/qastle,3,3,1,6
2021-11-10,reanahub/reana,84,20,37,121
2021-11-10,scailfin/madminer-workflow,4,4,4,6
2021-11-10,scikit-hep/awkward-0.x,218,15,37,252
2021-11-10,scikit-hep/awkward-1.0,297,16,41,327
2021-11-10,scikit-hep/boost-histogram,99,10,14,113
2021-11-10,scikit-hep/cabinetry,14,1,6,18
2021-11-10,scikit-hep/cookie,21,3,4,22
2021-11-10,scikit-hep/decaylanguage,29,6,9,34
2021-11-10,scikit-hep/fastjet,5,7,3,14
2021-11-10,scikit-hep/hist,59,10,12,71
2021-11-10,scikit-hep/mplhep,116,4,28,137
2021-11-10,scikit-hep/particle,98,8,16,112
2021-11-10,scikit-hep/pyhf,195,11,62,235
2021-11-10,scikit-hep/uhi,8,2,2,11
2021-11-10,scikit-hep/uproot3,319,23,70,375
2021-11-10,scikit-hep/uproot4,117,16,38,152
2021-11-10,scikit-hep/vector,32,10,10,41
2021-11-10,All IRIS-HEP Analysis Systems,1233,135,352,1494
2021-11-10,root-project/root,1597,113,971,2334
